difficulty,question,options[0],options[1],options[2],options[3],answer,subject
하,뉴턴의 제1법칙은 무엇을 설명하는가?,중력,운동량 보존,관성,에너지 보존,관성,물리학
하,물체의 질량이 클수록 중력은 어떻게 변하는가?,증가한다,감소한다,변하지 않는다,반비례한다,증가한다,물리학
하,소리의 속도는 어떤 상태에서 가장 빠른가?,공기,물,진공,고체,고체,물리학
하,전구가 빛을 내는 이유는 무엇인가?,전자의 이동,광자의 방출,전류의 흐름,전자와 양자의 결합,전자의 이동,물리학
하,1초 동안 이동한 거리를 무엇이라 하는가?,속도,가속도,힘,질량,속도,물리학
하,온도가 상승하면 물질의 부피는 어떻게 변하는가?,증가한다,감소한다,변하지 않는다,온도에 따라 다르다,증가한다,물리학
하,고체에서 열이 전달되는 방식을 무엇이라 하는가?,전도,대류,복사,자극,전도,물리학
하,빛의 파장은 어떤 물리량에 해당하는가?,전압,시간,거리,진동수,진동수,물리학
하,두 물체가 서로 끌어당기는 힘을 무엇이라 하는가?,마찰력,전자기력,중력,핵력,중력,물리학
하,전류의 단위는 무엇인가?,볼트,암페어,옴,패럿,암페어,물리학
중,운동하는 물체의 질량과 속도에 의해 결정되는 물리량은 무엇인가?,힘,운동량,가속도,에너지,운동량,물리학
중,전기 회로에서 전류가 흐를 때의 저항은 무엇에 의해 결정되는가?,전압,전기 저항,전하량,온도,전기 저항,물리학
중,빛의 굴절은 무엇에 의해 발생하는가?,파장의 변화,매질의 변화,전자의 운동,광자의 충돌,매질의 변화,물리학
중,물체의 위치에너지를 나타내는 공식은 무엇인가?,mgh,1/2mv²,ma,v²/r,mgh,물리학
중,원자의 핵을 구성하는 입자는 무엇인가?,양성자와 중성자,전자와 양성자,전자와 중성자,광자와 양성자,양성자와 중성자,물리학
중,상대성 이론에 따르면 시간은 어떤 경우에 느리게 흐르는가?,빠르게 움직일 때,높은 온도일 때,낮은 온도일 때,정지 상태일 때,빠르게 움직일 때,물리학
중,전자의 궤도를 설명하는 양자 수는 몇 개인가?,1개,2개,3개,4개,4개,물리학
중,전류가 자기장을 생성하는 법칙은?,쿨롱 법칙,패러데이 법칙,암페어 법칙,헬름홀츠 법칙,암페어 법칙,물리학
중,우주에 있는 암흑 물질의 비율은 대략 얼마인가?,5%,23%,68%,85%,68%,물리학
중,소리의 높낮이는 무엇에 의해 결정되는가?,속도,진폭,주파수,매질,주파수,물리학
상,전자기파가 진공에서 전파될 때 전기장과 자기장은 서로 어떤 방향으로 존재하는가?,평행하다,수직하다,대칭이다,반대 방향이다,수직하다,물리학
상,열역학 제2법칙은 어떤 개념을 설명하는가?,에너지 보존,엔트로피 증가,열전달,질량 보존,엔트로피 증가,물리학
상,양자 터널링은 어떤 조건에서 발생하는가?,에너지가 충분히 낮을 때,에너지가 장벽을 넘지 못할 때,입자의 속도가 느릴 때,전자가 방출될 때,에너지가 장벽을 넘지 못할 때,물리학
상,일반 상대성 이론에서 빛이 휘는 현상은 무엇에 의해 설명되는가?,질량,가속도,시공간의 굴곡,전자기력,시공간의 굴곡,물리학
상,전자기파의 에너지는 무엇에 비례하는가?,파장,진동수,진폭,속도,진동수,물리학
상,슈뢰딩거 방정식은 무엇을 설명하는가?,입자의 위치,입자의 속도,파동 함수의 시간 진화,에너지 보존,파동 함수의 시간 진화,물리학
상,중력이 매우 강한 천체 주변에서 빛이 빠져나오지 못하는 경계는 무엇이라 하는가?,블랙홀,사건의 지평선,중성자별,적색 왜성,사건의 지평선,물리학
상,우주 배경 복사(CMB)는 무엇의 흔적인가?,빅뱅,은하의 형성,항성 진화,블랙홀 방사,빅뱅,물리학
상,양자 역학에서 관측 행위가 입자의 상태에 영향을 미친다는 개념은 무엇인가?,파동-입자 이중성,불확정성 원리,측정 문제,코펜하겐 해석,측정 문제,물리학
상,초전도 현상은 무엇에 의해 발생하는가?,전자의 양자 상태,자성의 상실,전자의 반발력,고온에서의 전자 이동,전자의 양자 상태,물리학
하,물의 끓는 점은 몇 도인가?,90도,100도,50도,120도,100도,과학
하,지구는 태양 주위를 몇 년에 한 번 공전하는가?,365일,1년,24시간,6개월,1년,과학
하,소리의 속도는 공기 중에서 얼마인가?,150 m/s,250 m/s,340 m/s,1000 m/s,340 m/s,과학
하,지구의 중심에 있는 물질은 무엇인가?,물,철과 니켈,공기,돌,철과 니켈,과학
하,태양계에서 가장 큰 행성은 무엇인가?,지구,화성,금성,목성,목성,과학
하,전류의 단위는 무엇인가?,볼트,암페어,와트,줄,암페어,과학
하,식물은 무엇을 통해 광합성을 하는가?,빛,엽록체,물,뿌리,엽록체,과학
하,사람의 몸에서 가장 큰 기관은 무엇인가?,심장,간,신장,폐,간,과학
하,물은 몇 개의 수소 원자와 결합하는가?,1,2,3,4,2,과학
하,전기의 반대 성질을 가진 입자는 무엇인가?,양성자,중성자,전자,이온,전자,과학
중,DNA는 무엇으로 구성되는가?,단백질,지방,뉴클레오타이드,당,뉴클레오타이드,과학
중,진자의 주기는 어떤 물리량에 의해 결정되는가?,질량,속도,길이와 중력 가속도,시간,길이와 중력 가속도,과학
중,지구의 대기 중에서 가장 많은 가스는 무엇인가?,산소,이산화탄소,질소,헬륨,질소,과학
중,광학 현미경을 통해 볼 수 있는 최소한의 물체 크기는 무엇인가?,10nm,0.1mm,200nm,2μm,200nm,과학
중,물질의 상태 변화 중 기체에서 액체로 변하는 현상을 무엇이라 하는가?,융해,증발,응축,승화,응축,과학
중,중력은 물체의 질량과 어떤 관계를 가지는가?,반비례,비례,무관,지구에서만 작용,비례,과학
중,인간의 뇌는 어떤 신경 전달 물질로 인해 행복을 느끼는가?,도파민,세로토닌,노르에피네프린,아세틸콜린,세로토닌,과학
중,지구의 나이는 약 몇 년인가?,100만 년,10억 년,45억 년,1천만 년,45억 년,과학
중,원소의 주기율표에서 가장 오른쪽에 있는 원소 그룹은 무엇인가?,알칼리 금속,할로젠,비활성 기체,전이 금속,비활성 기체,과학
중,별의 색은 무엇에 의해 결정되는가?,질량,밝기,표면 온도,나이,표면 온도,과학
상,특수 상대성 이론에 따르면 빛의 속도에 가까워지면 시간이 어떻게 변하는가?,빨라진다,느려진다,변하지 않는다,가속된다,느려진다,과학
상,흑체 복사는 무엇에 의해 발생하는가?,전자기파,물체의 온도,화학 반응,자기장,물체의 온도,과학
상,슈뢰딩거 방정식은 무엇을 기술하는가?,중력,양자 상태,빛의 속도,전자기력,양자 상태,과학
상,중성미자는 어떤 상호작용에 관여하는가?,강한 상호작용,약한 상호작용,전자기 상호작용,중력,약한 상호작용,과학
상,광자의 에너지는 무엇에 비례하는가?,파장,진동수,속도,전하,진동수,과학
상,양자 터널링 현상은 어떤 경우에 발생하는가?,에너지가 충분할 때,장벽을 넘지 못할 때,전하가 움직일 때,온도가 높을 때,장벽을 넘지 못할 때,과학
상,빅뱅 우주론에 따르면 우주는 몇 년 전에 시작되었는가?,50억 년,200억 년,138억 년,10억 년,138억 년,과학
상,초신성 폭발 후 남은 별의 잔해는 무엇인가?,백색 왜성,적색 왜성,중성자별 또는 블랙홀,갈색 왜성,중성자별 또는 블랙홀,과학
상,상대성이론에 따르면 중력은 시공간을 어떻게 왜곡시키는가?,줄어들게 한다,빨라지게 한다,휘어지게 한다,회전하게 한다,휘어지게 한다,과학
상,우주 배경 복사는 무엇을 의미하는가?,태양에서 방출된 빛,빅뱅 이후 남은 복사,블랙홀에서 나오는 에너지,별의 형성,빅뱅 이후 남은 복사,과학
하,고려를 건국한 인물은 누구인가?,연개소문,왕건,광개토대왕,세종대왕,왕건,한국사
하,세종대왕이 한글을 창제한 해는?,1392년,1443년,1492년,1517년,1443년,한국사
하,우리나라 최초의 금속활자본은 무엇인가?,조선왕조실록,직지심체요절,훈민정음,삼국사기,직지심체요절,한국사
하,1919년 3.1 운동은 어떤 나라의 지배에 저항하기 위해 일어났는가?,중국,미국,일본,러시아,일본,한국사
하,고구려의 수도는 어디였는가?,평양,국내성,서울,개성,국내성,한국사
하,신라가 삼국을 통일한 연도는?,576년,645년,668년,701년,668년,한국사
하,고려시대의 유명한 무신정변이 일어난 연도는?,1170년,918년,936년,1392년,1170년,한국사
하,임진왜란 당시 이순신 장군이 지휘한 해전은?,한산도 대첩,명량 해전,노량 해전,칠천량 해전,명량 해전,한국사
하,한글을 창제한 왕은 누구인가?,광해군,영조,세종대왕,숙종,세종대왕,한국사
하,삼국사기를 쓴 인물은 누구인가?,최치원,김부식,이익,이황,김부식,한국사
중,조선시대에 실시된 토지제도 중 1444년에 세종대왕이 시행한 제도는?,전시과,공법,영정법,대동법,공법,한국사
중,발해를 건국한 인물은 누구인가?,장보고,대조영,궁예,무왕,대조영,한국사
중,조선 초기의 4대 왕 중 한 사람은 누구인가?,태조,세종,연산군,선조,세종,한국사
중,고려 시대에 세운 팔만대장경은 어떤 사건을 계기로 제작되었는가?,원나라 침공,몽골의 침입,금나라와의 전쟁,왜구의 침입,몽골의 침입,한국사
중,신라의 마지막 왕은 누구인가?,법흥왕,경순왕,진흥왕,태종무열왕,경순왕,한국사
중,대한제국의 황제였던 고종은 언제 즉위하였는가?,1863년,1897년,1905년,1910년,1897년,한국사
중,조선의 정치 기구 중 백성을 다스리던 최고 기관은?,중추원,의정부,삼사,홍문관,의정부,한국사
중,독립운동가 안중근 의사가 저격한 인물은 누구인가?,도요토미 히데요시,이토 히로부미,무사시,도조 히데키,이토 히로부미,한국사
중,조선의 개국과 관련된 사건은?,무신정변,위화도 회군,병자호란,정묘호란,위화도 회군,한국사
중,1876년에 체결된 조선과 일본 사이의 불평등 조약은?,한일합방,강화도 조약,가쓰라-태프트 밀약,시모노세키 조약,강화도 조약,한국사
상,조선 후기의 실학자 중 상공업 진흥을 주장한 학파는?,성리학,북학파,남인,서인,북학파,한국사
상,대한제국 시기 고종 황제가 러시아 공사관으로 피신한 사건은?,아관파천,갑신정변,동학농민운동,을사조약,아관파천,한국사
상,일제강점기 동안 일어난 항일 무장 투쟁 중 1920년에 일어난 전투는?,봉오동 전투,홍경성 전투,안성 전투,상해 의거,봉오동 전투,한국사
상,병자호란 당시 인조가 항복한 장소는?,개성,한양,남한산성,평양성,남한산성,한국사
상,발해의 멸망 원인은 무엇인가?,고구려와의 전쟁,거란의 침입,당나라의 침공,내부 반란,거란의 침입,한국사
상,조선시대의 5대 사고 중 하나로 조선왕조실록을 보관한 곳은?,강화도,의주,춘추관,진도,춘추관,한국사
상,삼국시대 고구려와 수나라 사이에서 일어난 전쟁의 이름은?,살수대첩,한강 전투,백강 전투,황산벌 전투,살수대첩,한국사
상,고구려를 멸망시킨 당나라 장군은 누구인가?,소정방,이세민,설인귀,고선지,이세민,한국사
상,신라의 화랑도는 어떤 계층의 사람들이 중심이 되었는가?,평민,노비,귀족,승려,귀족,한국사
상,김유신이 신라의 장군으로 활약한 전투는 무엇인가?,평양성 전투,황산벌 전투,한강 전투,백강 전투,황산벌 전투,한국사
하,축구 경기에서 한 팀의 필드 플레이어 수는?,10명,11명,12명,13명,11명,축구
하,축구 경기의 경기 시간은 몇 분인가?,60분,120분,45분,90분,90분,축구
하,축구 경기에서 공이 골대 밖으로 나갔을 때 주어지는 것은?,프리킥,골킥 또는 코너킥,드롭볼,페널티킥,골킥 또는 코너킥,축구
하,오프사이드는 언제 발생하는가?,수비수가 패스를 받을 때,공격수가 패스를 받을 때 수비수보다 앞서 있을 때,골키퍼가 공을 잡을 때,공이 상대편 골대를 넘었을 때,공격수가 패스를 받을 때 수비수보다 앞서 있을 때,축구
하,월드컵은 몇 년마다 열리는가?,매년,2년,4년,5년,4년,축구
하,축구에서 페널티킥은 어디서 차는가?,센터 서클,페널티 마크에서,코너 플래그,골 에어리어,페널티 마크에서,축구
하,다음 중 골키퍼가 할 수 없는 행동은?,핸들링으로 필드에서 패스하기,골 에어리어 내에서 공을 잡기,페널티킥을 차기,공을 발로 차기,핸들링으로 필드에서 패스하기,축구
하,축구 경기에서 연장전은 몇 분 동안 진행되는가?,10분,20분,30분,40분,30분,축구
하,축구 경기에서 공이 터치라인을 넘어갔을 때 공을 던지는 방법은?,스로인,프리킥,코너킥,골킥,스로인,축구
하,다음 중 FIFA 월드컵을 가장 많이 우승한 나라는?,독일,이탈리아,브라질,아르헨티나,브라질,축구
중,축구 경기에서 오프사이드를 선언하는 주심의 위치는?,골라인 근처,부심,주심,후방 주심,부심,축구
중,축구 경기에서 팀이 교체할 수 있는 최대 선수 수는?,1명,2명,5명,7명,5명,축구
중,축구 경기에서 파울로 인한 경고를 받을 때 주어지는 카드는?,흰색 카드,옐로 카드,레드 카드,블루 카드,옐로 카드,축구
중,축구에서 코너킥이 주어지는 상황은?,상대편 수비수가 공을 걷어냈을 때,공격수가 공을 골대 밖으로 찼을 때,수비팀이 공을 골라인 밖으로 보냈을 때,페널티킥이 선언되었을 때,수비팀이 공을 골라인 밖으로 보냈을 때,축구
중,월드컵에서 최초로 우승한 국가는?,브라질,독일,우루과이,아르헨티나,우루과이,축구
중,유럽의 축구 클럽 대항전인 UEFA 챔피언스 리그에서 가장 많은 우승을 차지한 클럽은?,바르셀로나,맨체스터 유나이티드,레알 마드리드,바이에른 뮌헨,레알 마드리드,축구
중,FIFA 월드컵에서 한 대회에서 가장 많은 골을 기록한 선수는?,디에고 마라도나,펠레,저스트 폰테인,크리스티아누 호날두,저스트 폰테인,축구
중,축구 경기에서 골라인 바로 앞의 직사각형 공간은 무엇이라고 하는가?,코너킥 지역,페널티 박스,골 에어리어,미드필드,골 에어리어,축구
중,1994년 FIFA 월드컵 결승전에서 승부차기 끝에 승리한 나라는?,브라질,이탈리아,독일,프랑스,브라질,축구
중,축구에서 가장 먼저 세 번이나 월드컵을 우승한 선수는?,디에고 마라도나,크리스티아누 호날두,펠레,리오넬 메시,펠레,축구
상,축구에서 ‘카테나치오’ 전술을 처음으로 도입한 국가는?,스페인,독일,이탈리아,브라질,이탈리아,축구
상,프리미어리그에서 가장 많은 득점을 기록한 선수는 누구인가?,웨인 루니,앨런 시어러,티에리 앙리,앨런 시어러,앨런 시어러,축구
상,FIFA 월드컵에서 단일 대회에서 가장 많은 골을 기록한 선수는?,펠레,호날두,저스트 폰테인,리오넬 메시,저스트 폰테인,축구
상,2018년 FIFA 월드컵 결승전에서 승리한 국가는?,독일,아르헨티나,프랑스,브라질,프랑스,축구
상,축구에서 4-4-2 포메이션에서 수비수와 미드필더는 각각 몇 명인가?,수비수 3명 미드필더 5명,수비수 5명 미드필더 3명,수비수 4명 미드필더 4명,수비수 2명 미드필더 6명,수비수 4명 미드필더 4명,축구
상,다음 중 유럽에서만 개최된 월드컵 대회는?,1950년 브라질 월드컵,1966년 잉글랜드 월드컵,1994년 미국 월드컵,2010년 남아공 월드컵,1966년 잉글랜드 월드컵,축구
상,다음 중 리오넬 메시가 소속된 클럽이 아닌 곳은?,바르셀로나,레알 마드리드,파리 생제르맹,인터 마이애미,레알 마드리드,축구
상,축구에서 페널티킥을 선언할 수 있는 상황은?,공이 골대 밖으로 나갔을 때,수비수가 페널티 박스 안에서 반칙을 범했을 때,공격수가 오프사이드일 때,골키퍼가 공을 잡았을 때,수비수가 페널티 박스 안에서 반칙을 범했을 때,축구
상,1970년 FIFA 월드컵에서 4강에 오른 아프리카 국가는?,나이지리아,카메룬,이집트,모로코,이집트,축구
상,다음 중 골드컵을 가장 많이 우승한 국가는?,멕시코,미국,멕시코,캐나다,멕시코,축구
하,국제 수영 대회에서 가장 빠른 수영 기술로 여겨지는 스타일은?,배영,자유형,평영,접영,자유형,수영
하,수영장에서 주로 사용되는 물의 온도는 몇 도 정도인가?,15~20도,20~25도,25~28도,30~35도,25~28도,수영
하,자유형에서 팔은 어떤 방식으로 물을 저어야 하는가?,원을 그리며,직선으로,몸 아래로,가슴 위로,원을 그리며,수영
하,수영에서 발을 이용해 물을 차는 동작을 무엇이라 하나요?,플립,킥,턴,핀,킥,수영
하,배영에서 선수는 어떤 자세로 수영하나요?,엎드린 자세,옆으로 누운 자세,똑바로 누운 자세,반쯤 앉은 자세,똑바로 누운 자세,수영
하,수영 경기에서 출발할 때 주로 사용하는 것은 무엇인가요?,출발대,줄,타임머신,벽,출발대,수영
하,접영에서 두 팔을 동시에 앞으로 뻗는 이유는 무엇인가?,물의 저항을 줄이기 위해,더 큰 힘을 얻기 위해,호흡을 쉽게 하기 위해,속도를 늦추기 위해,더 큰 힘을 얻기 위해,수영
하,평영에서 선수는 두 발을 어떤 방식으로 차야 하나요?,상하로 차기,좌우로 차기,동시에 벌리며 차기,한 발씩 차기,동시에 벌리며 차기,수영
하,수영장에서 거리 측정에 사용하는 단위는 무엇인가?,마일,킬로미터,미터,야드,미터,수영
하,수영 경기에서 한 바퀴를 돌 때의 기술을 무엇이라 하나요?,플립 턴,롤링 턴,서프 턴,백 턴,플립 턴,수영
중,자유형에서 발을 물 위에서 지나치게 높이 들면 생길 수 있는 문제는?,속도가 빨라짐,균형이 무너짐,물의 저항이 줄어듦,경기가 무효가 됨,균형이 무너짐,수영
중,접영에서 머리와 팔이 수면 위로 나올 때의 타이밍은?,발을 찰 때,팔을 들어올릴 때,몸을 회전할 때,턱을 내릴 때,팔을 들어올릴 때,수영
중,수영 경기에서 ‘플립 턴’은 주로 언제 사용되는가?,코너를 돌 때,직선 구간에서,결승선을 통과할 때,출발할 때,코너를 돌 때,수영
중,배영에서 경기가 시작될 때 출발 자세는?,물 위에서 엎드린 자세,물 밖에서 선 자세,물속에서 똑바로 누운 자세,물속에서 등을 대고 누운 자세,물속에서 등을 대고 누운 자세,수영
중,평영에서 팔과 다리의 움직임은 어떤 방식으로 이루어지나?,각각 다르게,서로 대칭적으로,동시에 반대 방향으로,교대로,서로 대칭적으로,수영
중,국제 수영 경기 연맹(FINA)에서 인정하는 공식 경기 풀의 길이는?,25미터,50미터,75미터,100미터,50미터,수영
중,접영에서 사용하는 주된 호흡 방법은?,물속에서 길게 숨참기,머리를 위로 들어 호흡,팔을 벌릴 때 호흡,다리를 찰 때 호흡,머리를 위로 들어 호흡,수영
중,평영에서 가장 중요한 리듬 요소는 무엇인가?,다리와 팔의 연속성,팔의 빠른 속도,몸의 회전,호흡과 동작의 일치,호흡과 동작의 일치,수영
중,배영에서 턴을 할 때 몸을 어떻게 회전하는가?,앞쪽으로,옆으로,뒤로,위로,앞쪽으로,수영
중,접영에서 두 팔의 회전 속도는 어떤 영향을 미치는가?,속도 감소,속도 증가,물의 저항 증가,체력 소모 감소,속도 증가,수영
상,접영에서 효율적인 턴을 수행하기 위해 필요한 기술은 무엇인가?,빠른 발 차기,팔의 회전,몸의 강한 회전,물속에서의 부드러운 글라이드,물속에서의 부드러운 글라이드,수영
상,자유형에서 수영 속도를 높이기 위해 중요한 요소는?,물을 강하게 찰 때,호흡을 줄일 때,발 차기의 리듬과 균형,팔의 속도,발 차기의 리듬과 균형,수영
상,배영에서 출발 후 물속에서의 글라이딩은 얼마나 길어야 하는가?,5미터 이하,10미터 이하,15미터 이하,20미터 이하,15미터 이하,수영
상,수영 경기에서 '혼영'은 어떤 경기 방식인가?,선수 개인이 네 가지 수영 종목을 순서대로 하는 것,두 가지 수영 종목만 사용하는 것,팀 경기에서 각각 다른 스타일을 사용하는 것,배영과 자유형만 사용하는 것,선수 개인이 네 가지 수영 종목을 순서대로 하는 것,수영
상,평영에서 속도를 높이기 위한 주요 기술은?,짧은 글라이드,긴 글라이드,강한 발차기,더 빠른 팔 동작,긴 글라이드,수영
상,수영에서 '드래프트'는 무엇을 의미하나요?,물의 저항을 줄이기 위한 기술,팀원과 속도를 맞추는 기술,물 위에서 미끄러지듯 가는 기술,수영 후 체력을 회복하는 기술,물의 저항을 줄이기 위한 기술,수영
상,수영에서 200m 접영 경기는 몇 번의 턴을 포함하나요?,2번,4번,6번,8번,4번,수영
상,수영 경기를 할 때 경기 중 수영복이 느슨해질 경우 어떤 규칙이 적용되나요?,경기를 중단할 수 있다,심판에게 요청해 교체할 수 있다,수영복을 재조정할 수 없다,다음 턴에서 교체할 수 있다,수영복을 재조정할 수 없다,수영
상,수영장에서 타임리프란 무엇을 의미하나요?,시간을 기록하는 방법,경기 중 몸을 빠르게 움직이는 기술,턴을 하며 시간을 절약하는 기술,수영 속도를 증가시키는 기술,턴을 하며 시간을 절약하는 기술,수영
상,접영에서 가장 힘들어지는 시점은 언제인가?,첫 50m,100m 지점,150m 지점,마지막 50m,마지막 50m,수영
하,골프에서 한 번에 공을 홀에 넣는 것을 무엇이라 하는가?,버디,홀인원,파,이글,홀인원,골프
하,골프 클럽 중 가장 많이 사용하는 클럽은?,퍼터,드라이버,웨지,아이언,드라이버,골프
하,골프 코스에서 총 18홀을 모두 마치기 위해 정해진 타수는?,54타,72타,90타,100타,72타,골프
하,골프에서 퍼터는 주로 어느 지역에서 사용되는가?,티박스,페어웨이,그린,벙커,그린,골프
하,골프에서 파 3홀은 몇 번의 샷으로 홀인하는 것이 이상적인가?,3번,4번,5번,6번,3번,골프
하,골프에서 공을 치는 첫 번째 위치를 무엇이라고 하는가?,그린,티박스,페어웨이,벙커,티박스,골프
하,골프 경기에서 ‘버디’는 기준 타수보다 몇 타 적게 치는 것인가?,1타 더 많이,1타 적게,2타 더 많이,2타 적게,1타 적게,골프
하,골프에서 '이글'은 기준 타수보다 몇 타 적게 치는 것인가?,1타,2타,2타 적게,3타 적게,2타 적게,골프
하,골프장에서 벙커는 무엇으로 이루어져 있나요?,물,모래,잔디,나무,모래,골프
하,골프공에 들어 있는 작은 구멍들을 무엇이라 하나요?,딤플,포인트,파인,클러스터,딤플,골프
중,골프에서 ‘파’는 무엇을 의미하나요?,기준 타수보다 더 많은 타수,기준 타수와 같은 타수,기준 타수보다 적은 타수,퍼팅으로 들어간 타수,기준 타수와 같은 타수,골프
중,골프에서 드라이버를 사용하는 주된 이유는 무엇인가요?,공을 굴리기 위해,장거리 샷을 위해,공을 퍼팅하기 위해,공을 그린에서 치기 위해,장거리 샷을 위해,골프
중,골프 경기에서 페어웨이는 무엇인가요?,공을 치기 좋은 잔디 구역,공이 빠지는 모래 구역,공이 떨어지는 물 구역,공을 치는 출발 구역,공을 치기 좋은 잔디 구역,골프
중,골프에서 사용되는 ‘아이언’ 클럽은 주로 어떤 샷을 위해 사용되나요?,티샷,중거리 샷,퍼팅,벙커 탈출,중거리 샷,골프
중,골프에서 '오비(OB)'는 무엇을 의미하는가?,코스 외의 지역으로 공이 나간 경우,공이 벙커에 빠진 경우,공이 그린에 올라간 경우,공이 물에 빠진 경우,코스 외의 지역으로 공이 나간 경우,골프
중,골프 경기에서 '핀'이 위치한 곳은 어디인가요?,페어웨이,그린,벙커,러프,그린,골프
중,골프에서 '러프'는 무엇을 뜻하나요?,벙커,그린,잔디가 길고 공을 치기 어려운 구역,물이 있는 지역,잔디가 길고 공을 치기 어려운 구역,골프
중,골프에서 ‘더블 보기’는 기준 타수보다 몇 타 더 치는 것을 의미하나요?,1타,2타,3타,4타,2타,골프
중,골프에서 퍼팅을 할 때 공이 홀 근처에서 멈추는 현상을 무엇이라 하나요?,슬라이스,리프팅,후킹,펀치 샷,리프팅,골프
중,골프에서 퍼터 외에 그린에서 사용하는 클럽은 무엇인가요?,드라이버,웨지,아이언,하이브리드,웨지,골프
상,골프에서 ‘알바트로스’는 기준 타수보다 몇 타 적게 치는 것을 의미하나요?,1타,2타,3타,4타,3타,골프
상,골프에서 사용되는 ‘피치 샷’은 주로 어떤 상황에서 사용되나요?,장거리 샷,짧은 거리의 고각 샷,퍼팅 샷,러프에서 탈출하는 샷,짧은 거리의 고각 샷,골프
상,"골프 경기에서 ""샌드 세이브""란 무엇을 의미하나요?",벙커에서 쳐서 파를 기록하는 것,페어웨이에서 파를 기록하는 것,러프에서 쳐서 파를 기록하는 것,그린에서 퍼팅으로 파를 기록하는 것,벙커에서 쳐서 파를 기록하는 것,골프
상,골프에서 '풋조이'는 무엇을 의미하나요?,클럽의 한 종류,골프화의 한 브랜드,골프공의 종류,골프채의 손잡이,골프화의 한 브랜드,골프
상,골프에서 ‘드로우’는 어떤 샷을 의미하나요?,공이 오른쪽으로 휘는 샷,공이 왼쪽으로 휘는 샷,공이 직선으로 날아가는 샷,공이 매우 높이 뜨는 샷,공이 왼쪽으로 휘는 샷,골프
상,골프에서 '스코어카드'는 무엇을 기록하는 데 사용되나요?,홀의 거리,각 홀에서의 타수,사용한 클럽,공의 종류,각 홀에서의 타수,골프
상,골프에서 ‘스윙 플레인’은 무엇을 설명하나요?,클럽이 공을 칠 때 그리는 궤적,골프공의 무게,골프공이 날아가는 궤적,클럽의 각도,클럽이 공을 칠 때 그리는 궤적,골프
상,골프에서 ‘웨지’는 주로 어떤 상황에서 사용되나요?,장거리 샷,중거리 샷,짧은 거리의 고각 샷,티샷,짧은 거리의 고각 샷,골프
상,골프 클럽의 그립을 교체할 때 사용하는 재료는 무엇인가요?,가죽,고무,나무,금속,고무,골프
상,골프에서 사용하는 ‘피칭 웨지’는 보통 어떤 상황에서 사용되나요?,벙커에서 탈출할 때,그린 근처에서 짧은 거리 샷을 할 때,장거리 샷을 할 때,퍼팅할 때,그린 근처에서 짧은 거리 샷을 할 때,골프
하,농구 경기는 몇 명의 선수가 한 팀을 이루고 진행되나요?,4명,5명,6명,7명,5명,농구
하,농구에서 공을 드리블하지 않고 이동하는 반칙을 무엇이라 하나요?,더블 드리블,트래블링,골텐딩,파울,트래블링,농구
하,농구 경기에서 득점을 위한 가장 기본적인 동작은?,슛,리바운드,드리블,패스,슛,농구
하,농구 경기에서 공을 가진 선수가 상대팀의 수비수를 피해 드리블하는 기술을 무엇이라 하나요?,슛,패스,드리블,리바운드,드리블,농구
하,농구에서 3점 라인 바깥에서 성공시킨 슛은 몇 점을 얻나요?,2점,3점,4점,5점,3점,농구
하,농구 경기에서 경기를 시작할 때 어떻게 공을 주고받나요?,패스,점프 볼,리바운드,슛,점프 볼,농구
하,농구 경기에서 공을 드리블하다가 한 번 멈추고 다시 드리블하는 것을 무엇이라 하나요?,더블 드리블,트래블링,파울,리바운드,더블 드리블,농구
하,농구에서 상대팀이 공격 중일 때 수비팀이 공을 가로채는 동작을 무엇이라 하나요?,리바운드,스틸,드리블,점프 볼,스틸,농구
하,농구 경기에서 공격 시간이 제한된 시간은 몇 초인가요?,12초,18초,22초,24초,24초,농구
하,농구에서 한 선수가 5번의 반칙을 하면 어떻게 되나요?,점수를 잃는다,퇴장당한다,경고를 받는다,자유투를 한다,퇴장당한다,농구
중,농구에서 자유투를 할 수 있는 상황은 언제인가요?,트래블링을 했을 때,상대방이 파울을 했을 때,더블 드리블을 했을 때,리바운드를 했을 때,상대방이 파울을 했을 때,농구
중,농구 경기에서 수비수가 공격자의 슛을 공중에서 막아내는 것을 무엇이라 하나요?,블록 샷,리바운드,스틸,드리블,블록 샷,농구
중,농구에서 공을 던져 상대팀의 골대에 넣는 것을 무엇이라 하나요?,리바운드,슛,패스,드리블,슛,농구
중,농구에서 ‘더블 더블’이란 무엇을 의미하나요?,한 선수가 두 번 파울을 당한 경우,한 선수가 두 가지 기록에서 두 자릿수 성과를 올린 경우,한 선수가 두 번 자유투를 성공한 경우,한 팀이 두 번 공격을 실패한 경우,한 선수가 두 가지 기록에서 두 자릿수 성과를 올린 경우,농구
중,농구에서 3초 규칙은 무엇인가요?,공격자가 공을 3초 이상 소유하는 경우,공격자가 상대편 제한 구역에 3초 이상 머무르는 경우,수비자가 상대편 제한 구역에 3초 이상 머무르는 경우,자유투 시간이 3초 이상 걸리는 경우,공격자가 상대편 제한 구역에 3초 이상 머무르는 경우,농구
중,농구 경기에서 공을 패스하는 방식 중 하나로 공을 바닥에 튕겨서 패스하는 방법은 무엇인가요?,체스트 패스,바운스 패스,롱 패스,점프 패스,바운스 패스,농구
중,농구에서 공격자가 공을 가지고 상대편 골대 근처에서 너무 오래 머무를 경우 발생하는 반칙은 무엇인가요?,3초 규칙 위반,트래블링,더블 드리블,골텐딩,3초 규칙 위반,농구
중,농구에서 한 선수가 모든 포지션을 맡을 수 있는 능력을 무엇이라 하나요?,리바운드 능력,스틸 능력,패스 능력,올 라운드 플레이어,올 라운드 플레이어,농구
중,농구 경기에서 '쿼터'란 무엇을 의미하나요?,경기를 4등분한 각 구간,선수의 기록,득점 방식,경기 시간,경기를 4등분한 각 구간,농구
중,농구에서 '파울 트러블'이란 무엇인가요?,선수가 파울을 하지 못하는 경우,팀이 파울을 너무 많이 한 경우,선수가 파울을 많이 하여 퇴장 위기에 처한 상황,파울로 인해 득점이 취소된 경우,선수가 파울을 많이 하여 퇴장 위기에 처한 상황,농구
상,농구 경기에서 한 선수가 ‘트리플 더블’을 기록하기 위한 조건은 무엇인가요?,세 가지 기록에서 두 자릿수를 기록하는 것,세 번의 슛을 성공시키는 것,득점 리바운드 어시스트 중 세 가지 기록에서 두 자릿수를 기록하는 것,세 번의 파울을 당하는 것,득점 리바운드 어시스트 중 세 가지 기록에서 두 자릿수를 기록하는 것,농구
상,농구에서 ‘골텐딩’이란 무엇을 의미하나요?,수비수가 슛을 실패하게 만드는 것,공격수가 슛을 성공시키는 것,공이 골대로 향하는 도중에 수비수가 공을 건드리는 반칙,수비수가 공을 블록하는 것,공이 골대로 향하는 도중에 수비수가 공을 건드리는 반칙,농구
상,농구에서 ‘플래그런트 파울’이란 무엇인가요?,고의적이지 않은 파울,공을 놓친 경우,고의적이고 심한 파울,수비 실책,고의적이고 심한 파울,농구
상,NBA에서 ‘샷 클락’은 몇 초 동안 공격할 수 있는 시간을 의미하나요?,12초,24초,30초,35초,24초,농구
상,농구에서 “포스트 업” 기술은 어떤 상황에서 사용되나요?,패스할 때,리바운드할 때,골대 가까이에서 수비수 등을 밀어내며 공격할 때,자유투를 할 때,골대 가까이에서 수비수 등을 밀어내며 공격할 때,농구
상,농구 경기에서 ‘패스트 브레이크’는 무엇을 의미하나요?,빠르게 슛을 하는 것,리바운드를 빠르게 하는 것,상대 수비가 정비되기 전에 빠르게 공격하는 것,빠르게 드리블을 하는 것,상대 수비가 정비되기 전에 빠르게 공격하는 것,농구
상,농구에서 '6번째 선수'는 무엇을 의미하나요?,감독,벤치에서 경기 중 교체되어 들어가는 선수,주전 선수,심판,벤치에서 경기 중 교체되어 들어가는 선수,농구
상,농구 경기에서 수비가 상대방의 공격을 막지 못해 남는 공간을 무엇이라고 하나요?,스틸,블록,미스매치,점프볼,미스매치,농구
상,농구에서 선수 교체는 한 경기에 몇 번까지 가능하나요?,2번,5번,제한 없음,7번,제한 없음,농구
상,농구에서 '앤드원(And1)'이란 무엇을 의미하나요?,자유투를 얻지 못한 상황,득점 후 추가 자유투를 얻는 상황,3점 슛을 성공한 상황,팀 파울이 없는 상황,득점 후 추가 자유투를 얻는 상황,농구
상,다음 중 운영체제에서 사용되는 보안 메커니즘이 아닌 것은?,접근 제어,사용자 인증,메모리 압축,암호화,메모리 압축,운영체제
상,다음 중 '가상 메모리'의 주된 기능은 무엇인가요?,하드 드라이브 용량 증가,프로세스 간의 메모리 보호,물리적 메모리의 대체,메모리 페이지 교환,프로세스 간의 메모리 보호,운영체제
상,다음 중 '교착 상태'를 해결하기 위한 방법으로 적절하지 않은 것은?,자원 선점,프로세스 종료,교착 상태 탐지,정적 자원 할당,정적 자원 할당,운영체제
상,운영체제의 '스케줄링' 기법 중 '최단 작업 우선(SJF)'의 특징은 무엇인가요?,대기 시간이 가장 짧은 프로세스를 우선 실행,모든 프로세스를 동일한 시간에 실행,가장 오랫동안 실행된 프로세스를 우선 실행,CPU의 사용률을 극대화,대기 시간이 가장 짧은 프로세스를 우선 실행,운영체제
상,다음 중 운영체제에서 '자원 할당 그래프'의 주된 목적은 무엇인가요?,교착 상태 예방,메모리 관리,프로세스 우선 순위 결정,데이터 전송 최적화,교착 상태 예방,운영체제
상,다음 중 '교착 상태'가 발생하기 위한 필수 조건이 아닌 것은?,상호 배제,점유 및 대기,비선점,자원 선점,자원 선점,운영체제
상,운영체제의 '세마포어'와 '뮤텍스'의 차이점은 무엇인가요?,세마포어는 한 개의 자원만 제어한다,뮤텍스는 여러 스레드 간의 동기화를 지원한다,세마포어는 카운팅 가능하다,뮤텍스는 자원을 비선점 방식으로 제어한다,세마포어는 카운팅 가능하다,운영체제
상,다음 중 가상화 기술의 장점이 아닌 것은?,자원 활용의 극대화,물리적 하드웨어 감소,성능 저하,환경의 유연성 제공,성능 저하,운영체제
상,다음 중 '버추얼 메모리'의 주요 이점은 무엇인가요?,하드웨어 비용 절감,메모리 사용의 효율적 증가,CPU 성능 저하,간단한 메모리 관리,메모리 사용의 효율적 증가,운영체제
상,다음 중 '시스템 콜'의 주된 역할은 무엇인가요?,사용자 프로그램과 커널 간의 인터페이스 제공,메모리 해제,데이터 전송,프로세스 종료,사용자 프로그램과 커널 간의 인터페이스 제공,운영체제
중,운영체제에서 프로세스를 생성하는 시스템 콜의 이름은 무엇인가요?,fork,exec,wait,exit,fork,운영체제
중,다음 중 운영체제의 기본적인 기능에 해당하지 않는 것은?,프로세스 관리,메모리 관리,네트워크 관리,사용자 관리,네트워크 관리,운영체제
중,'페이징' 기법에서 사용되는 기본 단위는 무엇인가요?,페이지,세그먼트,블록,프레임,페이지,운영체제
중,운영체제의 '파일 시스템'에서 '디렉토리'의 주된 목적은 무엇인가요?,데이터 전송,파일 저장소의 조직화,메모리 관리,프로세스 관리,파일 저장소의 조직화,운영체제
중,다음 중 '스레드'의 특징은 무엇인가요?,독립적인 프로세스이다,동일한 프로세스 내에서 실행된다,별도의 메모리 공간을 가진다,생성 속도가 느리다,동일한 프로세스 내에서 실행된다,운영체제
중,다중 프로그래밍의 주된 목적은 무엇인가요?,CPU 사용률 향상,시스템 안정성 향상,메모리 최적화,스레드 동기화,CPU 사용률 향상,운영체제
중,운영체제에서 '인터럽트'의 역할은 무엇인가요?,프로세스 종료,하드웨어와 소프트웨어 간의 통신,메모리 해제,데이터 복사,하드웨어와 소프트웨어 간의 통신,운영체제
중,I/O 버퍼링의 주된 목적은 무엇인가요?,CPU의 대기 시간 감소,메모리 사용량 증가,스레드 간의 동기화,데이터 전송 속도 증가,CPU의 대기 시간 감소,운영체제
중,컨텍스트 스위칭의 과정에서 발생하지 않는 것은?,현재 프로세스의 상태 저장,새로운 프로세스의 상태 불러오기,CPU 성능 저하,메모리 용량 증가,메모리 용량 증가,운영체제
중,신뢰할 수 있는 컴퓨팅의 개념은 무엇을 의미하나요?,데이터 암호화,하드웨어와 소프트웨어의 보안 강화,사용자 인증,자원 할당 최적화,하드웨어와 소프트웨어의 보안 강화,운영체제
하,운영체제의 주된 역할은 무엇인가요?,하드웨어와 소프트웨어 간의 인터페이스 제공,데이터베이스 관리,네트워크 관리,웹 브라우징,하드웨어와 소프트웨어 간의 인터페이스 제공,운영체제
하,운영체제에서 '프로세스'란 무엇인가요?,실행 중인 프로그램,저장된 데이터,사용자의 입력,시스템 콜,실행 중인 프로그램,운영체제
하,운영체제의 '메모리 관리' 기능의 주된 목적은 무엇인가요?,메모리 용량 증가,메모리 할당과 해제,프로세스 생성,데이터 암호화,메모리 할당과 해제,운영체제
하,다음 중 '파일'의 정의는 무엇인가요?,데이터의 집합체,실행 중인 프로그램,하드웨어 장치,사용자 입력,데이터의 집합체,운영체제
하,운영체제에서 '디스크'의 역할은 무엇인가요?,데이터 저장,데이터 전송,프로세스 실행,메모리 관리,데이터 저장,운영체제
하,운영체제의 'UI'란 무엇을 의미하나요?,사용자 인터페이스,유니크 식별자,업데이트 인터벌,유저 인스톨,사용자 인터페이스,운영체제
하,운영체제에서 '시스템 프로세스'란 무엇인가요?,운영체제의 필수 프로세스,사용자 정의 프로세스,종료된 프로세스,비활성 프로세스,운영체제의 필수 프로세스,운영체제
하,운영체제의 '패치'란 무엇을 의미하나요?,소프트웨어의 수정이나 보완,데이터의 압축,하드웨어의 업데이트,프로그램 삭제,소프트웨어의 수정이나 보완,운영체제
하,운영체제에서 '루트 디렉토리'란 무엇인가요?,최상위 디렉토리,임시 파일 저장소,실행 파일 저장소,사용자 프로필,최상위 디렉토리,운영체제
하,다음 중 운영체제의 '부팅' 과정에서 수행되지 않는 것은?,하드웨어 검증,운영체제 로딩,사용자 설정 복원,시스템 초기화,사용자 설정 복원,운영체제
하,스택에서 데이터를 삽입하는 연산은 무엇인가요?,push,pop,insert,delete,push,자료구조
하,큐에서 데이터를 삭제하는 연산은 무엇인가요?,pop,enqueue,dequeue,push,dequeue,자료구조
하,트리의 루트 노드는 무엇인가요?,트리의 최상단 노드,트리의 최하단 노드,자식이 없는 노드,자식이 2개인 노드,트리의 최상단 노드,자료구조
하,연결 리스트에서 각 노드는 무엇을 포함하나요?,데이터만,다음 노드의 참조만,데이터와 다음 노드의 참조,데이터와 이전 노드의 참조,데이터와 다음 노드의 참조,자료구조
하,이진 트리의 최대 자식 노드 수는?,1,2,3,4,2,자료구조
하,삽입과 삭제가 한쪽에서만 이루어지는 자료구조는?,큐,스택,트리,그래프,스택,자료구조
하,다음 중 선형 자료구조가 아닌 것은?,배열,연결 리스트,큐,트리,트리,자료구조
하,큐는 어떤 구조인가요?,FIFO,LIFO,FILO,LILO,FIFO,자료구조
하,다음 중 스택의 응용 예시는?,프린터 작업 처리,웹 브라우저 방문 기록,운영 체제 프로세스 스케줄링,네트워크 패킷 처리,웹 브라우저 방문 기록,자료구조
하,정렬된 배열에서 탐색 시 효율적인 알고리즘은?,순차 탐색,이진 탐색,해시 탐색,깊이 우선 탐색,이진 탐색,자료구조
중,이진 탐색 트리에서 루트 노드보다 작은 값은 어디에 저장되나요?,왼쪽 자식 노드,오른쪽 자식 노드,부모 노드,형제 노드,왼쪽 자식 노드,자료구조
중,연결 리스트에서 중간에 있는 노드를 삭제하려면 삭제할 노드의 무엇을 변경해야 하나요?,다음 노드,이전 노드,포인터,값,포인터,자료구조
중,힙(Heap)의 성질 중 하나는?,트리가 균형을 이룬다,모든 부모 노드는 자식보다 크거나 작다,자식 노드가 두 개 이상일 수 없다,순차적으로 데이터를 삽입한다,모든 부모 노드는 자식보다 크거나 작다,자료구조
중,그래프에서 모든 노드를 방문하는 탐색 알고리즘은?,깊이 우선 탐색,너비 우선 탐색,이진 탐색,순차 탐색,너비 우선 탐색,자료구조
중,이진 힙에서 삽입 연산 후에는 어떤 연산이 필요하나요?,삭제,정렬,힙 구성,노드 교환,힙 구성,자료구조
중,해시 테이블에서 충돌을 해결하는 방법이 아닌 것은?,체이닝,이중 해싱,선형 탐사,병합 정렬,병합 정렬,자료구조
중,다음 중 그래프의 표현 방법으로 옳지 않은 것은?,인접 행렬,인접 리스트,인접 트리,인접 집합,인접 트리,자료구조
중,연결 리스트의 이중 연결 리스트에서 각 노드는 몇 개의 포인터를 가집니까?,1,2,3,4,2,자료구조
중,이진 트리에서 리프 노드는 무엇인가요?,자식이 없는 노드,부모가 없는 노드,형제가 없는 노드,자식이 하나만 있는 노드,자식이 없는 노드,자료구조
중,이진 탐색 트리에서 중위 순회를 하면 얻을 수 있는 결과는?,정렬되지 않은 값들,오름차순 정렬,내림차순 정렬,최댓값,오름차순 정렬,자료구조
상,우선순위 큐를 효율적으로 구현할 수 있는 자료구조는?,배열,스택,힙,그래프,힙,자료구조
상,AVL 트리에서 삽입 후 불균형이 발생하면 어떻게 해결하나요?,트리 병합,회전,노드 삭제,재배열,회전,자료구조
상,이진 탐색 트리의 성능이 퇴화되어 연결 리스트와 동일하게 될 수 있는 상황은?,삽입 순서가 오름차순일 때,삽입 순서가 무작위일 때,모든 노드가 같은 값을 가질 때,루트 노드가 비어 있을 때,삽입 순서가 오름차순일 때,자료구조
상,다익스트라 알고리즘은 그래프에서 무엇을 찾는 데 사용되나요?,최소 신장 트리,최단 경로,최대 유량,사이클,최단 경로,자료구조
상,트리에서 높이를 줄이기 위해 사용하는 기법은?,힙 정렬,트리 회전,노드 분할,재귀,트리 회전,자료구조
상,퀵 정렬에서 분할 기준으로 사용하는 값은 무엇인가요?,중앙 값,피벗,첫 번째 값,마지막 값,피벗,자료구조
상,트리의 깊이 우선 탐색(DFS)에서 사용하는 자료구조는?,큐,스택,배열,리스트,스택,자료구조
상,B-트리에서 노드 분할이 일어날 때 중간 값은 어떻게 처리되나요?,삭제됨,부모 노드로 이동됨,자식 노드로 이동됨,아무것도 하지 않음,부모 노드로 이동됨,자료구조
상,다음 중 그래프에서 사이클을 감지하는 데 사용할 수 있는 알고리즘은?,DFS,BFS,퀵 정렬,합병 정렬,DFS,자료구조
상,다음 중 해시 함수의 충돌을 줄이기 위한 방법은?,큰 해시 테이블 사용,작은 해시 테이블 사용,중복된 키 허용,선형 탐사 사용,큰 해시 테이블 사용,자료구조
하,버블 정렬의 시간 복잡도는?,O(n),O(n^2),O(log n),O(n log n),O(n^2),자료구조
하,이진 탐색에서 배열이 만족해야 할 조건은?,정렬된 상태여야 한다.,역순으로 정렬되어야 한다.,무작위 순서여야 한다.,값이 모두 달라야 한다.,정렬된 상태여야 한다.,자료구조
하,퀵 정렬의 평균 시간 복잡도는?,O(n^2),O(n log n),O(n),O(log n),O(n log n),자료구조
하,선형 탐색의 최악 시간 복잡도는?,O(n^2),O(log n),O(n),O(1),O(n),자료구조
하,병합 정렬의 주요 작업 과정은?,분할과 병합,선택과 정렬,삽입과 삭제,병합과 정렬,분할과 병합,자료구조
하,다음 중 그리디 알고리즘의 특징은?,매 단계에서 최적의 해를 선택한다.,모든 경우를 고려한다.,재귀적 구조를 따른다.,그래프 기반이다.,매 단계에서 최적의 해를 선택한다.,자료구조
하,다이나믹 프로그래밍의 핵심 개념은?,큰 문제를 작은 문제로 나누어 푼다.,재귀적으로 모든 경우를 고려한다.,반복적으로 해를 구한다.,모든 경로를 탐색한다.,큰 문제를 작은 문제로 나누어 푼다.,자료구조
하,피보나치 수열을 구하는 가장 효율적인 방법은?,재귀 호출,반복문,다이나믹 프로그래밍,그리디 알고리즘,다이나믹 프로그래밍,자료구조
하,다음 중 퀵 정렬의 최악의 경우 시간 복잡도는?,O(n^2),O(n log n),O(n),O(log n),O(n^2),자료구조
하,깊이 우선 탐색(DFS)에서 사용되는 자료구조는?,큐,스택,트리,배열,스택,자료구조
중,다익스트라 알고리즘의 시간 복잡도는 (힙을 사용한 경우)?,O(V^2),O(E + V log V),O(E log V),O(V log E),O(E + V log V),자료구조
중,동적 프로그래밍에서 하위 문제의 해를 저장하는 방식은?,메모이제이션,반복 탐색,재귀 호출,그리디,메모이제이션,자료구조
중,탐욕 알고리즘이 항상 최적의 해를 보장하는 문제 유형은?,배낭 문제,최단 경로 문제,최소 신장 트리 문제,작업 스케줄링 문제,최소 신장 트리 문제,자료구조
중,병합 정렬의 최악 시간 복잡도는?,O(n log n),O(n^2),O(log n),O(n),O(n log n),자료구조
중,피보나치 수열을 동적 프로그래밍으로 풀 때 사용하는 기법은?,분할 정복,메모이제이션,그리디,깊이 우선 탐색,메모이제이션,자료구조
중,최소 신장 트리(MST)를 찾는 알고리즘은?,크루스칼 알고리즘,다익스트라 알고리즘,플로이드-워셜 알고리즘,벨만-포드 알고리즘,크루스칼 알고리즘,자료구조
중,플로이드-워셜 알고리즘의 시간 복잡도는?,O(V^2),O(V^3),O(E log V),O(E + V log V),O(V^3),자료구조
중,다이나믹 프로그래밍과 분할 정복의 차이점은?,다이나믹 프로그래밍은 하위 문제의 중복을 허용하지 않는다.,분할 정복은 문제를 나누고 독립적으로 푼다.,다이나믹 프로그래밍은 그리디 방식을 따른다.,분할 정복은 하위 문제를 저장한다.,분할 정복은 문제를 나누고 독립적으로 푼다.,자료구조
중,퀵 정렬의 분할 단계에서 사용하는 전략은?,피벗 선택,병합,재귀 호출,순차 탐색,피벗 선택,자료구조
중,최단 경로 문제에서 벨만-포드 알고리즘의 특징은?,음수 가중치를 허용한다.,사이클을 탐지하지 못한다.,그래프가 연결되어 있어야 한다.,최소 신장 트리를 구한다.,음수 가중치를 허용한다.,자료구조
상,동적 프로그래밍에서 최적 부분 구조의 의미는?,큰 문제를 작은 문제로 나누어 최적의 해를 찾는다.,하위 문제의 해가 전체 문제의 해로 이어진다.,문제를 분할하고 다시 결합한다.,각각의 경우를 고려한다.,하위 문제의 해가 전체 문제의 해로 이어진다.,자료구조
상,최소 신장 트리를 구하는 프림(Prim) 알고리즘의 주요 특징은?,가중치가 작은 간선부터 선택한다.,하나의 정점에서 시작해 인접한 정점으로 확장한다.,사이클을 허용하지 않는다.,모든 간선을 탐색한다.,하나의 정점에서 시작해 인접한 정점으로 확장한다.,자료구조
상,트리의 높이를 구하는 알고리즘의 시간 복잡도는?,O(n),O(log n),O(n^2),O(n log n),O(n),자료구조
상,다익스트라 알고리즘은 어느 상황에서 올바른 결과를 보장하지 않나요?,양수 가중치일 때,음수 가중치일 때,모든 가중치가 동일할 때,사이클이 없을 때,음수 가중치일 때,자료구조
상,KMP 문자열 검색 알고리즘의 시간 복잡도는?,O(m + n),O(m * n),O(m log n),O(n^2),O(m + n),자료구조
상,동적 프로그래밍에서 중복되는 하위 문제를 피하기 위한 기법은?,메모이제이션,재귀 호출,분할 정복,그리디 알고리즘,메모이제이션,자료구조
상,탐욕 알고리즘이 항상 최적의 해를 보장하지 않는 경우는?,배낭 문제,최소 신장 트리,최단 경로,작업 스케줄링,배낭 문제,자료구조
상,최대 유량 문제를 해결하기 위해 사용하는 알고리즘은?,에드몬드-카프 알고리즘,크루스칼 알고리즘,다익스트라 알고리즘,벨만-포드 알고리즘,에드몬드-카프 알고리즘,자료구조
상,다익스트라 알고리즘에서 사용하는 자료구조는?,힙,배열,스택,큐,힙,자료구조
상,다음 중 해시 함수의 충돌을 줄이기 위한 방법은?,큰 해시 테이블 사용,작은 해시 테이블 사용,중복된 키 허용,선형 탐사 사용,큰 해시 테이블 사용,자료구조
하,"데이터 통신에서 ""LAN""이란 무엇을 의미하나요?",Long Area Network,Large Area Network,Local Area Network,Line Area Network,Local Area Network,데이터통신
하,OSI 7계층 중 데이터 링크 계층의 역할은 무엇인가요?,물리적 연결 제공,패킷 전달,에러 제어 및 흐름 제어,사용자 데이터 처리,에러 제어 및 흐름 제어,데이터통신
하,다음 중 유선 네트워크에서 데이터를 전송하는 물리적인 매체는?,트위스트 페어 케이블,광섬유,동축 케이블,모든 답변,모든 답변,데이터통신
하,TCP/IP 모델에서 데이터 링크 계층에 해당하는 것은?,네트워크 계층,전송 계층,인터넷 계층,링크 계층,링크 계층,데이터통신
하,다음 중 네트워크 장치로 사용되지 않는 것은?,라우터,스위치,모뎀,모니터,모니터,데이터통신
하,이더넷에서 사용하는 케이블 유형은 무엇인가요?,트위스트 페어 케이블,광섬유 케이블,동축 케이블,무선 연결,트위스트 페어 케이블,데이터통신
하,패킷 교환 방식에서 패킷이 네트워크를 통해 전송되는 과정은?,순차적 전송,분할 전송,경로 설정 후 전송,동시에 전송,분할 전송,데이터통신
하,IPv4 주소는 몇 비트로 구성되나요?,16비트,32비트,64비트,128비트,32비트,데이터통신
하,다음 중 IP 주소 할당을 자동으로 처리하는 프로토콜은?,HTTP,DHCP,FTP,DNS,DHCP,데이터통신
하,무선 네트워크에서 사용하는 보안 프로토콜은 무엇인가요?,FTP,WEP,HTTP,SMTP,WEP,데이터통신
중,데이터 통신에서 흐름 제어의 목적은 무엇인가요?,전송 속도 최적화,데이터 손실 방지,데이터 충돌 방지,데이터의 오류 검출,데이터 손실 방지,데이터통신
중,TCP 프로토콜의 주요 특징은 무엇인가요?,연결 지향적,비연결 지향적,패킷 손실 가능,비신뢰성,연결 지향적,데이터통신
중,DNS의 역할은 무엇인가요?,IP 주소를 MAC 주소로 변환,IP 주소를 도메인 이름으로 변환,도메인 이름을 IP 주소로 변환,도메인 이름을 MAC 주소로 변환,도메인 이름을 IP 주소로 변환,데이터통신
중,이더넷에서 CSMA/CD 방식은 무엇을 의미하나요?,충돌 감지,신호 증폭,흐름 제어,패킷 손실 방지,충돌 감지,데이터통신
중,라우터의 주된 역할은 무엇인가요?,패킷을 목적지 네트워크로 라우팅,충돌 감지,흐름 제어,데이터 패킷을 스위칭,패킷을 목적지 네트워크로 라우팅,데이터통신
중,TCP와 UDP의 차이점은 무엇인가요?,TCP는 연결형 UDP는 비연결형이다.,TCP는 비연결형 UDP는 연결형이다.,TCP는 데이터의 신뢰성이 낮다.,UDP는 오류 제어를 제공한다.,TCP는 연결형 UDP는 비연결형이다.,데이터통신
중,다음 중 전송 계층의 프로토콜은?,TCP,IP,HTTP,FTP,TCP,데이터통신
중,회선 교환 방식과 패킷 교환 방식의 주요 차이점은?,회선 교환은 전용 경로를 사용하고 패킷 교환은 데이터를 분할하여 전송한다.,회선 교환은 데이터를 분할하고 패킷 교환은 전용 경로를 사용한다.,둘 다 동일한 방식이다.,회선 교환은 무선 네트워크에서만 사용된다.,회선 교환은 전용 경로를 사용하고 패킷 교환은 데이터를 분할하여 전송한다.,데이터통신
중,패킷이 네트워크 상에서 목적지로 이동하는 데 사용하는 정보는?,IP 주소,MAC 주소,포트 번호,도메인 이름,IP 주소,데이터통신
중,네트워크에서 데이터 전송 시 오류 검출을 위해 사용하는 기술은?,패리티 비트,패킷 분할,포트 스캐닝,라우팅,패리티 비트,데이터통신
상,IPv6 주소는 몇 비트로 구성되나요?,32비트,64비트,128비트,256비트,128비트,데이터통신
상,TCP 연결 설정 과정에서 사용하는 3-way 핸드셰이크 절차는?,SYN → SYN-ACK → ACK,ACK → SYN → SYN-ACK,SYN → ACK → SYN-ACK,ACK → SYN-ACK → SYN,SYN → SYN-ACK → ACK,데이터통신
상,VLAN의 목적은 무엇인가요?,동일 네트워크 내에서 논리적으로 분리된 네트워크를 만들기 위해,외부 네트워크와의 연결을 차단하기 위해,패킷 손실을 방지하기 위해,무선 네트워크 범위를 확장하기 위해,동일 네트워크 내에서 논리적으로 분리된 네트워크를 만들기 위해,데이터통신
상,NAT(Network Address Translation)의 주요 목적은?,사설 IP 주소를 공인 IP 주소로 변환,데이터를 암호화,네트워크 트래픽을 분석,동일 네트워크 내에서 IP 충돌을 방지,사설 IP 주소를 공인 IP 주소로 변환,데이터통신
상,라우팅 프로토콜 중 OSPF의 특징은?,링크 상태 라우팅 프로토콜이다.,거리 벡터 라우팅 프로토콜이다.,비연결형 프로토콜이다.,신뢰성이 낮다.,링크 상태 라우팅 프로토콜이다.,데이터통신
상,MAC 주소는 몇 비트로 구성되나요?,32비트,48비트,64비트,128비트,48비트,데이터통신
상,"DNS에서 이름 확인 절차 중 ""권한 있는 응답""은 무엇을 의미하나요?",DNS 서버가 최종적으로 도메인 이름을 확인해 주는 응답,DNS 서버가 중간에 확인해 주는 응답,DNS 서버가 오류를 반환하는 응답,클라이언트가 요청을 취소하는 응답,DNS 서버가 최종적으로 도메인 이름을 확인해 주는 응답,데이터통신
상,TCP에서 혼잡 제어의 주요 기법은?,슬라이딩 윈도우,혼잡 회피,흐름 제어,패킷 분할,혼잡 회피,데이터통신
상,다음 중 라우터에서 사용하는 라우팅 테이블의 항목에 포함되지 않는 것은?,목적지 주소,전송 계층 프로토콜,넥스트 홉(Next Hop),네트워크 마스크,전송 계층 프로토콜,데이터통신
상,네트워크 보안에서 사용되는 방화벽의 주요 기능은?,데이터 패킷의 흐름 제어,외부에서의 비정상적인 접근 차단,네트워크 성능 향상,라우팅 정보 제공,외부에서의 비정상적인 접근 차단,데이터통신
하,암호화의 주요 목적은 무엇인가요?,데이터를 압축하기 위함,데이터를 복사하기 위함,데이터를 보호하기 위함,데이터를 삭제하기 위함,데이터를 보호하기 위함,암호이론및보안
하,다음 중 대칭 키 암호화 방식은?,RSA,AES,DSA,ECC,AES,암호이론및보안
하,비대칭 키 암호화에서 사용하는 키는 무엇인가요?,공개 키와 개인 키,대칭 키,동일한 키,해시 값,공개 키와 개인 키,암호이론및보안
하,다음 중 해시 함수의 주요 목적은?,데이터를 암호화하기 위해,데이터를 무결성 검증하기 위해,데이터를 삭제하기 위해,데이터를 압축하기 위해,데이터를 무결성 검증하기 위해,암호이론및보안
하,SSL은 어떤 목적을 가진 프로토콜인가요?,네트워크 성능 최적화,웹사이트의 보안 통신 제공,데이터 압축,파일 전송 속도 개선,웹사이트의 보안 통신 제공,암호이론및보안
하,SHA는 어떤 암호 기술에 속하나요?,대칭 암호,비대칭 암호,해시 함수,키 교환 프로토콜,해시 함수,암호이론및보안
하,비대칭 키 암호화에서 공개 키는 누구에게 공개되나요?,오직 수신자,모든 사용자,오직 송신자,인증 기관만,모든 사용자,암호이론및보안
하,HTTPS에서 'S'는 무엇을 의미하나요?,Security,Speed,Simple,Session,Security,암호이론및보안
하,다음 중 암호화되지 않은 텍스트는?,평문,암호문,해시 값,디지털 서명,평문,암호이론및보안
하,다음 중 인증서 발급을 담당하는 기관은?,CA (Certificate Authority),ISP,DNS,DHCP,CA (Certificate Authority),암호이론및보안
중,AES에서 사용되는 기본 블록 크기는?,32비트,64비트,128비트,256비트,128비트,암호이론및보안
중,비대칭 암호화 방식 중 RSA 알고리즘의 보안은 무엇에 기반하나요?,소인수분해의 어려움,소수 찾기의 어려움,해시 함수의 충돌,선형 방정식의 복잡성,소인수분해의 어려움,암호이론및보안
중,다음 중 해시 충돌을 방지하기 위한 주요 방법은?,더 긴 해시 값 사용,대칭 키 사용,비대칭 키 사용,동일한 키 사용,더 긴 해시 값 사용,암호이론및보안
중,전자 서명의 주요 목적은 무엇인가요?,데이터의 무결성 및 신원 확인,데이터 암호화,파일 압축,데이터 복구,데이터의 무결성 및 신원 확인,암호이론및보안
중,비대칭 암호화의 주요 장점은 무엇인가요?,키 분배 문제 해결,암호화 속도,낮은 계산 복잡도,대칭성,키 분배 문제 해결,암호이론및보안
중,다음 중 HTTPS에서 사용하는 프로토콜은?,FTP,TLS,SSH,DNS,TLS,암호이론및보안
중,해시 함수의 출력이 고정된 길이로 나오는 이유는?,데이터 압축을 위해,데이터의 무결성을 검증하기 위해,암호화 속도를 높이기 위해,대칭성을 유지하기 위해,데이터의 무결성을 검증하기 위해,암호이론및보안
중,다음 중 양방향(암호화와 복호화 모두 가능) 기능을 갖는 것은?,AES,SHA-256,MD5,CRC,AES,암호이론및보안
중,디지털 서명에 사용되는 키는?,개인 키,공개 키,대칭 키,해시 값,개인 키,암호이론및보안
중,PKI (공개 키 기반 구조)에서 사용하는 주요 암호화 방식은?,비대칭 암호화,대칭 암호화,해시 암호화,암호화 없음,비대칭 암호화,암호이론및보안
상,Diffie-Hellman 알고리즘의 주요 목적은?,안전한 키 교환,데이터 압축,대칭 암호화,인증서 발급,안전한 키 교환,암호이론및보안
상,양자 컴퓨터는 RSA 암호화의 어떤 취약점을 노릴 수 있나요?,소인수분해의 난이도,대칭성,무작위 대입 공격,해시 충돌,소인수분해의 난이도,암호이론및보안
상,비트코인에서 사용하는 해시 함수는?,MD5,SHA-1,SHA-256,AES-128,SHA-256,암호이론및보안
상,완전한 보안 시스템을 보장하는 공격 기법은?,무차별 대입 공격,중간자 공격,사이드 채널 공격,전부 다 사용한다,전부 다 사용한다,암호이론및보안
상,SHA-256 알고리즘의 출력 길이는 몇 비트인가요?,128비트,192비트,256비트,512비트,256비트,암호이론및보안
상,차등 분석 공격은 어떤 종류의 암호화 알고리즘을 대상으로 하나요?,대칭 키 암호,비대칭 키 암호,해시 함수,공개 키 기반 구조,대칭 키 암호,암호이론및보안
상,전자 서명의 무결성을 보장하기 위해 사용되는 암호화 기법은?,해시 함수,대칭 암호화,비대칭 암호화,비트 스트림 암호,해시 함수,암호이론및보안
상,AES(Advanced Encryption Standard)는 어떤 종류의 암호화 방식인가요?,스트림 암호,블록 암호,해시 함수,비대칭 암호,블록 암호,암호이론및보안
상,TLS(Transport Layer Security) 프로토콜에서 사용되는 암호화 방식은?,대칭 암호화,비대칭 암호화,해시 암호화,대칭 및 비대칭 암호화 모두 사용,대칭 및 비대칭 암호화 모두 사용,암호이론및보안
상,SQL 인젝션 공격을 방어하기 위한 가장 좋은 방법은?,사용자 입력 값 검증,대칭 키 암호화,비대칭 키 암호화,패킷 필터링,사용자 입력 값 검증,암호이론및보안
상,알렉산드로스 대왕이 창설한 제국의 이름은 무엇인가요?,로마 제국,마케도니아 제국,페르시아 제국,헬레니즘 제국,헬레니즘 제국,세계사
상,중세 유럽의 봉건 제도에서 영주의 신하로 봉사하던 계급은 무엇이라고 하나요?,기사,농노,성직자,상인,기사,세계사
상,17세기 영국의 찰스 1세가 사형을 당하고 공화정이 성립된 사건은 무엇인가요?,명예혁명,청교도 혁명,산업혁명,보스턴 차 사건,청교도 혁명,세계사
상,제1차 세계 대전의 직접적인 발단이 된 사건은 무엇인가요?,사라예보 사건,베르사유 조약,독일의 폴란드 침공,베를린 봉쇄,사라예보 사건,세계사
상,중국 역사상 가장 긴 제국이었던 한나라를 세운 사람은 누구인가요?,진시황제,유방,한고조,주원장,유방,세계사
상,미국 남북전쟁의 주요 원인은 무엇이었나요?,노예제 문제,여성 참정권,종교 갈등,토지 분쟁,노예제 문제,세계사
상,르네상스 시대의 중심지로서 예술과 학문이 발달한 이탈리아 도시는 어디인가요?,로마,피렌체,베니스,밀라노,피렌체,세계사
상,제2차 세계 대전 당시 연합국이 일본에 대한 원자 폭탄을 투하한 도시는 어디인가요?,도쿄,나가사키,오사카,히로시마,히로시마,세계사
상,마야 문명은 주로 현재의 어느 지역에 존재했나요?,페루,멕시코 남부와 중앙 아메리카,아르헨티나,브라질,멕시코 남부와 중앙 아메리카,세계사
상,베르사유 조약으로 인해 제1차 세계 대전 이후 어떤 국가가 가장 큰 타격을 받았나요?,독일,러시아,영국,프랑스,독일,세계사
중,콜럼버스가 1492년에 처음 상륙한 신대륙의 지역은 어디인가요?,북미 대륙,카리브해,남미 대륙,아시아,카리브해,세계사
중,중국의 대운하가 처음 건설된 시기는 어느 왕조인가요?,한나라,당나라,수나라,명나라,수나라,세계사
중,유럽의 근대사를 결정지은 사건 중 하나로 1789년에 발생한 프랑스 혁명은 누구의 처형으로 절정을 맞았나요?,루이 14세,루이 16세,나폴레옹,마리 앙투아네트,루이 16세,세계사
중,이집트의 피라미드 중 가장 큰 피라미드는 누구를 위해 지어졌나요?,투탕카멘,카프라,쿠푸,메네스,쿠푸,세계사
중,메소포타미아 문명의 두 주요 강은 무엇인가요?,나일강과 유프라테스강,티그리스강과 유프라테스강,황하강과 양쯔강,도나우강과 라인강,티그리스강과 유프라테스강,세계사
중,태양왕이라는 별명을 가진 프랑스 왕은 누구인가요?,프랑수아 1세,루이 14세,나폴레옹,샤를 5세,루이 14세,세계사
중,미국 독립전쟁의 발단이 된 사건은 무엇인가요?,보스턴 차 사건,렉싱턴 전투,게티스버그 전투,워싱턴 DC 점령,보스턴 차 사건,세계사
중,제1차 세계 대전에서 사용된 새로운 무기는 무엇이었나요?,기차,전차,전기,잠수함,전차,세계사
중,로마 제국의 마지막 황제는 누구였나요?,아우구스투스,콘스탄티누스,로물루스 아우구스툴루스,하드리아누스,로물루스 아우구스툴루스,세계사
중,제2차 세계 대전 중 독일의 침공을 받은 소련의 도시로서 가장 치열한 전투가 벌어진 곳은 어디인가요?,모스크바,스탈린그라드,레닌그라드,키예프,스탈린그라드,세계사
하,이탈리아의 항구 도시로서 로마 제국의 주요 무역 중심지는 어디였나요?,나폴리,로마,밀라노,시칠리아,나폴리,세계사
하,고대 로마에서 ‘팍스 로마나’는 어떤 시대를 의미하나요?,전쟁의 시대,평화의 시대,문화의 시대,황제의 시대,평화의 시대,세계사
하,1066년 영국에서 일어난 중요한 사건은 무엇인가요?,장미전쟁,노르만 정복,런던 대화재,글로스터 전쟁,노르만 정복,세계사
하,나폴레옹 전쟁에서 나폴레옹이 처음으로 패배한 해전은 무엇인가요?,워털루 전투,트라팔가 해전,바르샤바 전투,요크타운 전투,트라팔가 해전,세계사
하,제1차 세계 대전 이후 체결된 베르사유 조약은 어떤 나라를 주로 겨냥한 것이었나요?,러시아,독일,프랑스,이탈리아,독일,세계사
하,제2차 세계 대전의 유럽 전선에서의 마지막 주요 전투는 무엇인가요?,베를린 전투,스탈린그라드 전투,쿠르스크 전투,노르망디 상륙작전,베를린 전투,세계사
하,대항해 시대를 열었던 포르투갈 탐험가는 누구인가요?,크리스토퍼 콜럼버스,바스코 다 가마,페르디난드 마젤란,아메리고 베스푸치,바스코 다 가마,세계사
하,로마 제국의 카이사르가 브루투스에게 배신당한 사건은 무엇이라고 부르나요?,이두스의 배신,알렉산드리아 협정,카이사르의 암살,아우구스투스의 반란,이두스의 배신,세계사
하,몽골 제국을 세운 칭기즈칸은 어느 나라 출신인가요?,중국,몽골,한국,일본,몽골,세계사
하,페르시아 전쟁 중 그리스 연합군이 페르시아 군대를 막아낸 유명한 전투는 무엇인가요?,마라톤 전투,살라미스 해전,테르모필레 전투,플라타이아 전투,테르모필레 전투,세계사
상,유라시아 대륙에서 가장 높은 산은 무엇인가요?,K2,에베레스트,칸첸중가,로체,에베레스트,지리
상,남극 대륙에서 가장 큰 얼음 덩어리는 무엇인가요?,로스 빙하,람베르트 빙하,웨들 빙하,마르첼로 빙하,로스 빙하,지리
상,세계에서 가장 긴 강은 무엇인가요?,아마존 강,나일 강,양쯔 강,미시시피 강,나일 강,지리
상,사하라 사막은 어떤 기후대에 속하나요?,열대,온대,극지,건조,건조,지리
상,세계에서 가장 인구가 많은 나라는 어디인가요?,인도,미국,중국,인도네시아,중국,지리
상,세계에서 가장 큰 호수는 무엇인가요?,카스피해,슈피리어 호,빅토리아 호,타호 호,카스피해,지리
상,북극의 중심에 위치한 국가는 무엇인가요?,캐나다,러시아,그린란드,노르웨이,러시아,지리
상,세계에서 가장 큰 섬은 어디인가요?,그린란드,뉴기니,보르네오,마다가스카르,그린란드,지리
상,기후 변화로 인한 해수면 상승으로 가장 큰 영향을 받을 지역은 어디인가요?,아프리카,아시아,섬나라들,북극,섬나라들,지리
상,세계에서 가장 깊은 호수는 무엇인가요?,빅토리아 호,바이칼 호,슈피리어 호,타호 호,바이칼 호,지리
중,유럽에서 가장 큰 나라의 이름은 무엇인가요?,독일,프랑스,러시아,이탈리아,러시아,지리
중,세계에서 가장 많은 언어가 사용되는 대륙은 어디인가요?,아프리카,아시아,유럽,북미,아시아,지리
중,대서양과 태평양을 연결하는 운하는 무엇인가요?,수에즈 운하,파나마 운하,오대호,메콩 강,파나마 운하,지리
중,에베레스트 산은 어느 나라와 국경을 이루고 있나요?,한국,인도,중국,파키스탄,중국,지리
중,세계에서 가장 큰 사막은 무엇인가요?,사하라 사막,아라비아 사막,고비 사막,남극 사막,남극 사막,지리
중,미국의 주 중 가장 넓은 주는 무엇인가요?,텍사스,알래스카,캘리포니아,플로리다,알래스카,지리
중,세계에서 가장 많은 섬이 있는 나라는 어디인가요?,인도네시아,필리핀,일본,그리스,인도네시아,지리
중,세계에서 가장 큰 도시의 인구가 1천만 명을 넘는 도시는 어디인가요?,파리,뉴욕,도쿄,베이징,도쿄,지리
중,아프리카 대륙의 가장 긴 강은 무엇인가요?,나일 강,콘고 강,짐바브웨 강,오렌지 강,나일 강,지리
중,북극의 온도가 가장 낮은 지역은 어디인가요?,그린란드,시베리아,알래스카,노르웨이,시베리아,지리
하,아시아 대륙의 가장 큰 나라는 무엇인가요?,중국,인도,일본,한국,중국,지리
하,세계에서 가장 높은 폭포는 무엇인가요?,안젤 폭포,이과수 폭포,나이아가라 폭포,빅토리아 폭포,안젤 폭포,지리
하,유럽에서 가장 인구가 많은 나라는 어디인가요?,독일,프랑스,이탈리아,스페인,독일,지리
하,세계에서 가장 큰 사막은 어디인가요?,사하라 사막,고비 사막,아라비아 사막,타클라마칸 사막,사하라 사막,지리
하,세계에서 가장 큰 바다는 무엇인가요?,대서양,인도양,북극해,태평양,태평양,지리
하,남극 대륙에 있는 주요 연구 기지는 어디인가요?,마르틴 기지,맥머도 기지,스콧 기지,셰퍼드 기지,맥머도 기지,지리
하,유럽과 아시아를 나누는 산맥은 무엇인가요?,안디에스 산맥,록키 산맥,우랄 산맥,알프스 산맥,우랄 산맥,지리
하,일본의 수도는 어디인가요?,도쿄,오사카,교토,히로시마,도쿄,지리
하,미국의 수도는 어디인가요?,뉴욕,로스앤젤레스,워싱턴 D.C.,시카고,워싱턴 D.C.,지리
하,세계에서 가장 큰 강 중 하나인 아마존 강이 흐르는 나라는 어디인가요?,브라질,아르헨티나,콜롬비아,페루,브라질,지리
상,셰익스피어의 비극 중 '오셀로'의 주요 주제는 무엇인가요?,사랑의 배신,권력의 탐욕,정체성의 혼란,가족의 갈등,사랑의 배신,문학
상,제임스 조이스의 소설 '율리시스'는 어떤 도시를 배경으로 하고 있나요?,런던,더블린,파리,뉴욕,더블린,문학
상,괴테의 '파우스트'에서 주인공은 누구와 계약을 맺나요?,루시퍼,메피스토펠레스,성모 마리아,스승,메피스토펠레스,문학
상,현대 한국 문학의 대표작 중 하나인 '채식주의자'의 저자는 누구인가요?,한강,박완서,김영하,이문열,한강,문학
상,러시아 문학의 고전인 '죄와 벌'의 주인공 이름은 무엇인가요?,리자베타,로디온 로만노비치 라스콜니코프,도스토예프스키,소냐,로디온 로만노비치 라스콜니코프,문학
상,'1984'라는 소설의 저자는 누구인가요?,레이 브래드버리,조지 오웰,앨도스 헉슬리,커트 보네것,조지 오웰,문학
상,'바람과 함께 사라지다'의 주인공 스칼렛 오하라는 어떤 시대의 배경을 가지고 있나요?,제1차 세계대전,남북전쟁,대공황,산업혁명,남북전쟁,문학
상,고전 소설 '오만과 편견'의 저자는 누구인가요?,제인 오스틴,찰스 디킨스,루이스 캐럴,조지 엘리엇,제인 오스틴,문학
상,'멋진 신세계'에서 묘사된 사회의 주요 특징은 무엇인가요?,민주주의,자연주의,소비주의,전통주의,소비주의,문학
상,'노인과 바다'의 주인공 산티아고는 어떤 직업을 가진 인물인가요?,농부,어부,상인,항해사,어부,문학
중,'그리스 로마 신화'에서 사랑과 아름다움의 여신은 누구인가요?,아테나,아프로디테,헤라,디오니소스,아프로디테,문학
중,'모비 딕'의 저자는 누구인가요?,마크 트웨인,허먼 멜빌,에드가 앨런 포,어니스트 헤밍웨이,허먼 멜빌,문학
중,'주홍글씨'의 주인공이 지니고 있는 낙인은 무엇인가요?,A,B,C,D,A,문학
중,'안나 카레니나'의 저자는 누구인가요?,도스토예프스키,톨스토이,체호프,고골,톨스토이,문학
중,한국 현대시의 대표적인 시인 중 한 명으로 '풀'이라는 시로 유명한 사람은 누구인가요?,고은,김수영,박인환,윤동주,김수영,문학
중,'위대한 개츠비'의 주인공인 개츠비는 무엇을 상징하나요?,미국의 꿈,사랑의 비극,가족의 갈등,우정의 가치,미국의 꿈,문학
중,'파란만장한 인생'을 그린 한국의 대표 소설은 무엇인가요?,토지,난장이가 쏘아올린 작은 공,허생전,채식주의자,토지,문학
중,'어린 왕자'의 저자는 누구인가요?,앙투안 드 생텍쥐페리,빅토르 위고,마르셀 프루스트,앙드레 지드,앙투안 드 생텍쥐페리,문학
중,'변신'의 주인공 그레고르 잠자는 어떤 생물로 변하게 되나요?,개,쥐,벌레,뱀,벌레,문학
중,안녕 슬픔'의 저자는 누구인가요?,프랜시스 스콧 피츠제럴드,시몬 드 보부아르,마르그리트 유르세나르,프루스트,시몬 드 보부아르,문학
하,'한 여름 밤의 꿈'은 누구의 작품인가요?,셰익스피어,호메로스,헤밍웨이,괴테,셰익스피어,문학
하,'어린 왕자'에서 어린 왕자가 처음 만난 별의 이름은 무엇인가요?,B-612,A-113,C-999,D-100,B-612,문학
하,'노인과 바다'의 주인공은 어떤 물고기를 잡으려 하나요?,대구,상어,청새치,고등어,청새치,문학
하,'빨강 머리 앤'의 주인공 이름은 무엇인가요?,앤 셜리,레이첼,메리,소피,앤 셜리,문학
하,'셜록 홈즈' 시리즈의 저자는 누구인가요?,아서 코난 도일,에드가 앨런 포,앤서니 호로위츠,아가사 크리스티,아서 코난 도일,문학
하,'이상한 나라의 앨리스'에서 앨리스가 만나는 동물은 무엇인가요?,토끼,고양이,여우,곰,토끼,문학
하,'소공녀'의 주인공 이름은 무엇인가요?,사라,로라,마리,제인,사라,문학
하,'오즈의 마법사'에서 도로시는 어떤 색깔의 신발을 신나요?,빨강,파랑,초록,은색,은색,문학
하,'안나 카레니나'는 어떤 나라의 배경을 가지고 있나요?,프랑스,독일,러시아,이탈리아,러시아,문학
하,'호밀밭의 파수꾼'의 주인공 이름은 무엇인가요?,홀든 콜필드,제이 개츠비,리자베타,다니엘,홀든 콜필드,문학
상,"심리학에서 ""고립된 감정"" 개념을 설명한 이론은 무엇인가요?",정서적 지능 이론,심리적 고립 이론,심리적 동기 이론,인지적 부조화 이론,정서적 지능 이론,심리학
상,인지적 부조화를 제안한 심리학자는 누구인가요?,카를 로저스,레온 페스팅거,앨프리드 비네,스키너,레온 페스팅거,심리학
상,"발달 심리학에서 ""정체성 대 역할 혼란""의 단계는 누구에 의해 제안되었나요?",지그문트 프로이트,에릭 에릭슨,장 피아제,아브라함 매슬로우,에릭 에릭슨,심리학
상,"인간의 인지 발달 이론에서 ""구체적 조작기""는 몇 살부터 시작되나요?",2-7세,7-11세,11-15세,15세 이상,7-11세,심리학
상,성격 5요인 모델에서 성실성은 어떤 특성과 관련이 있나요?,외향성,감정 안정성,개방성,계획성과 조직성,계획성과 조직성,심리학
상,행동주의 심리학의 창시자는 누구인가요?,존 왓슨,B.F. 스키너,카를 융,지그문트 프로이트,존 왓슨,심리학
상,사회적 학습 이론에서 모델링을 강조한 심리학자는 누구인가요?,알버트 반두라,존 보울비,스키너,칼 로저스,알버트 반두라,심리학
상,정서적 지능의 개념을 최초로 제안한 심리학자는 누구인가요?,다니엘 골먼,스티븐 핑커,에릭 에릭슨,심리적 고립 이론의 창시자,다니엘 골먼,심리학
상,자기 결정 이론에서 가장 중요한 요소는 무엇인가요?,외적 보상,내적 동기,사회적 압력,환경적 요인,내적 동기,심리학
상,"감정이론에서 ""두 요소 이론""은 어떤 두 요소로 감정을 설명하나요?",생리적 반응과 인지적 평가,인지적 평가와 행동적 반응,생리적 반응과 행동적 반응,환경적 자극과 감정적 반응,생리적 반응과 인지적 평가,심리학
중,"인간의 인지 발달 이론에서 ""전조작기""는 몇 살부터 시작되나요?",0-2세,2-7세,7-11세,11세 이상,2-7세,심리학
중,조건화의 개념을 제시한 심리학자는 누구인가요?,지그문트 프로이트,파블로프,윌리엄 제임스,칼 융,파블로프,심리학
중,심리적 고립은 주로 어떤 현상을 설명하나요?,사회적 단절,감정적 상실,심리적 안정,사회적 관계,사회적 단절,심리학
중,불안 장애 중에서 공황 장애의 주요 증상은 무엇인가요?,지속적인 두통,심한 두려움과 불안,기억 상실,성격 변화,심한 두려움과 불안,심리학
중,자기 실현의 개념을 제안한 심리학자는 누구인가요?,아브라함 매슬로우,카를 로저스,에릭 에릭슨,B.F. 스키너,아브라함 매슬로우,심리학
중,정서적 지능의 구성 요소로 포함되지 않는 것은 무엇인가요?,자기 인식,자기 조절,대인 관계 기술,IQ,IQ,심리학
중,인지적 행동 치료의 주된 목표는 무엇인가요?,정서적 안정,부정적 사고 패턴 변화,사회적 관계 개선,자아 실현,부정적 사고 패턴 변화,심리학
중,"심리학에서 ""상관 관계""란 무엇을 의미하나요?",원인과 결과의 관계,두 변수 간의 관계,행동의 변화,감정의 표현,두 변수 간의 관계,심리학
중,"사회적 지각에서 ""고정관념""이란 무엇인가요?",개인적 경험,감정적 반응,특정 집단에 대한 일반화된 신념,인지적 평가,특정 집단에 대한 일반화된 신념,심리학
중,"심리학에서 ""자기 효능감""의 개념은 무엇을 의미하나요?",자신의 능력에 대한 믿음,사회적 지위,감정적 안정,개인적 목표,자신의 능력에 대한 믿음,심리학
하,"심리학에서 ""자아""는 무엇을 의미하나요?",원초적 충동,의식적인 자아,비합리적 사고,사회적 역할,의식적인 자아,심리학
하,행동주의 심리학에서 주로 연구하는 대상은 무엇인가요?,인간의 감정,행동,사고 과정,정신 분석,행동,심리학
하,전문가 집단에서 주로 어떤 역할을 하는 사람들은 누구인가요?,리더,추종자,중재자,외부 전문가,리더,심리학
하,정신 분석의 창시자는 누구인가요?,칼 융,지그문트 프로이트,아브라함 매슬로우,B.F. 스키너,지그문트 프로이트,심리학
하,사회적 증폭이란 무엇을 의미하나요?,사회적 지지,혼자 할 수 있는 능력,공동체 의식,개인의 정체성,사회적 지지,심리학
하,불안의 주요 원인은 무엇인가요?,긍정적인 경험,심리적 스트레스,행복한 기억,사회적 상호작용,심리적 스트레스,심리학
하,사회적 자본이란 무엇을 의미하나요?,경제적 자원,사회적 네트워크와 관계,개인의 재능,물질적 자원,사회적 네트워크와 관계,심리학
하,우울증의 주요 증상은 무엇인가요?,높은 에너지,과도한 행복감,지속적인 슬픔,사회적 고립,지속적인 슬픔,심리학
상,리프팅이란 어떤 경제적 개념을 의미하나요?,자원의 이동,가격 결정,소비자 선택,시장 구조,자원의 이동,경제학
상,기회 비용의 개념을 처음으로 설명한 경제학자는 누구인가요?,아담 스미스,데이비드 리카도,미제르 헨리,프리드리히 하이에크,아담 스미스,경제학
상,완전 경쟁 시장의 주요 특성은 무엇인가요?,가격 조정,독점적 지배,다수의 구매자와 판매자,정부의 가격 통제,다수의 구매자와 판매자,경제학
상,피구의 법칙은 어떤 상황을 설명하나요?,수요의 증가,공급의 감소,생산자의 이윤,소비자의 만족도,생산자의 이윤,경제학
상,시장 실패의 원인이 아닌 것은 무엇인가요?,외부 효과,공공재의 제공 부족,정보의 비대칭성,완전 정보,완전 정보,경제학
상,중앙은행의 주요 기능은 무엇인가요?,재정 정책 조정,통화 공급 조절,세금 수입 관리,무역 규제,통화 공급 조절,경제학
상,소득 분배의 불평등을 측정하는 지표는 무엇인가요?,GDP,Gini 계수,CPI,PPI,Gini 계수,경제학
상,자유무역의 이점 중 하나는 무엇인가요?,자원의 비효율적 배분,시장 독점 강화,생산 비용 절감,보호무역주의 강화,생산 비용 절감,경제학
상,인플레이션의 주된 원인은 무엇인가요?,생산 증가,수요 증가,정부 지출 감소,수출 증가,수요 증가,경제학
상,자본주의의 특징 중 하나는 무엇인가요?,계획 경제,자원의 정부 소유,시장 자원의 개인 소유,중앙 계획,시장 자원의 개인 소유,경제학
중,소비자 물가 지수(CPI)는 무엇을 측정하나요?,기업의 생산성,물가 상승률,고용률,무역 수지,물가 상승률,경제학
중,독점 시장의 특징은 무엇인가요?,다수의 공급자,가격 경쟁,단일 공급자,완전 정보,단일 공급자,경제학
중,가격 탄력성이란 무엇을 의미하나요?,공급자의 결정,수요의 반응,정부의 개입,시장의 규모,수요의 반응,경제학
중,공급법칙의 기본 개념은 무엇인가요?,가격이 오르면 공급이 줄어든다,가격이 오르면 공급이 증가한다,가격이 떨어지면 공급이 증가한다,가격과 공급은 관계가 없다,가격이 오르면 공급이 증가한다,경제학
중,세금의 주된 목적은 무엇인가요?,시장 개입,정부 수입 확보,소비자 보호,자원의 효율적 배분,정부 수입 확보,경제학
중,경제 성장의 측정 기준으로 일반적으로 사용되는 것은 무엇인가요?,GDP,인플레이션율,실업률,무역 수지,GDP,경제학
중,산업 혁명이란 무엇을 의미하나요?,기술적 발전과 사회 변화,정치적 개혁,사회적 불평등,전쟁과 갈등,기술적 발전과 사회 변화,경제학
중,유통기한의 개념은 무엇을 의미하나요?,재고 관리,제품의 소비 가능 기간,가격 결정,마케팅 전략,제품의 소비 가능 기간,경제학
중,시장 조사의 주요 목적은 무엇인가요?,경쟁자 분석,소비자 요구 파악,제품 개발,가격 결정,소비자 요구 파악,경제학
중,물가 상승의 주된 원인은 무엇인가요?,공급 증가,수요 증가,인구 감소,생산 비용 감소,수요 증가,경제학
하,경제학이란 무엇을 연구하는 학문인가요?,인간의 감정,자원의 배분,사회적 관계,역사적 사건,자원의 배분,경제학
하,생산이란 무엇을 의미하나요?,자원의 소비,재화와 서비스의 창출,노동의 감소,자원의 고갈,재화와 서비스의 창출,경제학
하,수요란 무엇을 의미하나요?,판매자의 의사,소비자의 구매 의사,정부의 개입,생산자의 결정,소비자의 구매 의사,경제학
하,수익이란 무엇을 의미하나요?,수입 - 비용,비용 + 수입,판매량,시장 점유율,수입 - 비용,경제학
하,경쟁이란 무엇을 의미하나요?,시장의 단일 공급자,다수의 판매자가 시장에서 상품을 판매,정부의 가격 통제,제품의 품질 향상,다수의 판매자가 시장에서 상품을 판매,경제학
하,무역이란 무엇을 의미하나요?,국가 간 자원 이동,경제적 자원의 감소,가격 결정,정부의 세금,국가 간 자원 이동,경제학
하,상품이란 무엇을 의미하나요?,단순한 서비스,소비자에게 판매되는 재화,기업의 활동,노동력,소비자에게 판매되는 재화,경제학
하,정상 이자율이란 무엇을 의미하나요?,정부의 세금 비율,자본 비용,평균 이자율,고용률,평균 이자율,경제학
하,가격이란 무엇을 의미하나요?,소비자의 요구,상품의 교환 가치,시장의 점유율,생산비,상품의 교환 가치,경제학
상,칸트의 범주 중 '시간'과 '공간'은 어떤 종류의 개념에 속하나요?,순수 직관,경험적 개념,이성적 개념,감정적 개념,순수 직관,철학
상,데카르트의 유명한 명제는 무엇인가요?,'사유하는 존재가 있다.','나는 존재한다.','모든 것은 의심할 수 있다.','행복은 덕이다.','나는 존재한다.',철학
상,플라톤의 이데아론에서 이데아는 무엇을 의미하나요?,감각적 경험,완전한 형태,사회적 계약,개인의 주관적 경험,완전한 형태,철학
상,유물론의 기본 개념은 무엇인가요?,정신적 현상,물질적 존재,사회적 관계,이성적 사고,물질적 존재,철학
상,니체가 주장한 '영원회귀'의 개념은 무엇을 의미하나요?,모든 것이 한 번만 존재한다.,모든 것이 무한히 반복된다.,인간의 자유 의지,삶의 궁극적 목적,모든 것이 무한히 반복된다.,철학
상,소크라테스의 대화법의 주요 목적은 무엇인가요?,사람을 논박하기,진리 탐구,감정 표현,사회적 규범 제정,진리 탐구,철학
상,아리스토텔레스가 정의한 '중용'의 개념은 무엇인가요?,극단적 선택,합리적 균형,감정의 억제,자아 실현,합리적 균형,철학
상,공리주의의 기본 원칙은 무엇인가요?,의무와 권리,최대 행복,사회적 평등,개인의 자유,최대 행복,철학
상,헤겔의 '정신현상학'에서 강조하는 개념은 무엇인가요?,개인의 자아,역사의 발전,사회적 갈등,이성적 사고,역사의 발전,철학
상,현상학의 창시자는 누구인가요?,에드문트 후설,마르틴 하이데거,장-폴 사르트르,미하일 바흐친,에드문트 후설,철학
중,윤리학의 주요 목표는 무엇인가요?,경제적 이익 분석,도덕적 행동 규명,사회적 갈등 해결,정치적 권력 이해,도덕적 행동 규명,철학
중,존 롤스의 정의론에서 제안한 '무지의 베일'은 무엇을 의미하나요?,사회적 불평등,주관적 편견 제거,정치적 권리,경제적 이익,주관적 편견 제거,철학
중,칸트가 주장한 '의무론'의 기본 원칙은 무엇인가요?,결과에 따라 판단,행동의 동기와 원칙,감정의 표현,개인의 자유,행동의 동기와 원칙,철학
중,서양 철학사의 시작점은 보통 누구로 간주되나요?,아리스토텔레스,플라톤,소크라테스,탈레스,탈레스,철학
중,사회 계약론의 주요 사상가는 누구인가요?,홉스,루소,로크,모든 정답,모든 정답,철학
중,객관주의와 주관주의의 차이는 무엇인가요?,진리의 기준,도덕적 가치,사회적 관념,역사적 사건,진리의 기준,철학
중,결정론과 자유 의지의 관계는 무엇인가요?,서로 상반된 개념,같은 의미,역사적 맥락,정치적 견해,서로 상반된 개념,철학
중,철학적 회의주의란 무엇인가요?,모든 것을 믿는 태도,의심을 통한 진리 탐구,특정 사상에 대한 확신,과학적 증거,의심을 통한 진리 탐구,철학
중,토마스 홉스의 사회 계약 이론에서 '상태의 자연'은 어떤 특징을 가지나요?,평화롭고 조화로운 상태,전쟁과 갈등이 존재하는 상태,공동체의 상징,개인의 자유,전쟁과 갈등이 존재하는 상태,철학
중,실존주의에서 가장 강조하는 것은 무엇인가요?,사회적 규범,개인의 경험,역사적 사실,도덕적 가치,개인의 경험,철학
하,철학이란 무엇을 연구하는 학문인가요?,과학적 사실,인간의 존재와 사고,사회적 관계,정치적 권리,인간의 존재와 사고,철학
하,도덕의 기본 원칙은 무엇인가요?,이익 극대화,올바른 행동,사회적 지위,개인의 행복,올바른 행동,철학
하,존재론은 무엇을 다루는 학문인가요?,존재의 본질,도덕적 가치,사회적 관계,역사적 사건,존재의 본질,철학
하,관념론이란 무엇인가요?,물질이 존재한다.,정신적 현상이 우선한다.,감각적 경험이 중요하다.,사회적 규범이 중요하다.,정신적 현상이 우선한다.,철학
하,이성의 중요성은 어느 철학 사상에서 강조되나요?,경험주의,합리주의,실존주의,실증주의,합리주의,철학
하,상대주의란 무엇인가요?,진리가 절대적이다.,모든 진리는 주관적이다.,사회적 합의가 중요하다.,과학적 증거가 우선이다.,모든 진리는 주관적이다.,철학
하,현대 철학의 주요 특징은 무엇인가요?,전통적 가치 강조,개인의 주관적 경험 강조,역사적 사실 중시,사회적 갈등 무시,개인의 주관적 경험 강조,철학
하,가치란 무엇을 의미하나요?,경제적 이익,개인적 중요성,사회적 규범,역사적 사건,개인적 중요성,철학
하,철학적 질문의 목적은 무엇인가요?,즉각적인 해결,깊은 이해,사회적 비판,개인적 경험,깊은 이해,철학
하,상징의 의미는 무엇인가요?,실제적인 물체,특정한 의미를 가진 표현,감정의 표현,역사적 사건,특정한 의미를 가진 표현,철학
상,'조성'이란 무엇을 의미하나요?,특정한 음계를 따르는 것,악기의 조화,음악의 리듬,음악의 형식,특정한 음계를 따르는 것,음악이론
상,'화성'의 기본 요소는 무엇인가요?,음계,멜로디,화음,리듬,화음,음악이론
상,'템포'는 음악에서 무엇을 나타내나요?,음의 높낮이,리듬의 빠르기,음악의 길이,화음의 구성,리듬의 빠르기,음악이론
상,바로크 음악의 주요 특징 중 하나는 무엇인가요?,단순한 멜로디,대위법의 사용,일관된 템포,현대적 화성,대위법의 사용,음악이론
상,다이나믹 표기에서 '피아노'는 무엇을 의미하나요?,매우 크게,작게,중간,점차 커짐,작게,음악이론
상,'재즈'의 주된 특징 중 하나는 무엇인가요?,정형화된 형식,즉흥 연주,단조로운 리듬,클래식 기반,즉흥 연주,음악이론
상,음악의 기본 구성 요소 중 하나가 아닌 것은 무엇인가요?,멜로디,하모니,비트,색깔,색깔,음악이론
상,'합창' 음악의 주요 특징은 무엇인가요?,독주자에 의한 공연,여러 사람의 목소리 조화,기악 중심,전자음악 사용,여러 사람의 목소리 조화,음악이론
중,'올림푸스 음계'는 몇 개의 음으로 구성되나요?,5개,7개,12개,10개,7개,음악이론
중,'서양 음악'의 역사에서 '고전주의' 시대는 대략 언제인가요?,1600-1750,1750-1820,1820-1900,1900-현재,1750-1820,음악이론
중,'빠르기'를 조절하는 기호는 무엇인가요?,메트로놈,다이나믹,템포,리듬,템포,음악이론
중,'악기' 중에서 '관악기'에 속하는 것은 무엇인가요?,피아노,바이올린,트럼펫,기타,트럼펫,음악이론
중,음악의 장르 중에서 '민속 음악'은 어떤 특징이 있나요?,전통적 요소,현대적 구성,대중적 인지도,클래식한 형식,전통적 요소,음악이론
중,리듬에서 '박자'란 무엇을 의미하나요?,음의 높이,음의 길이,음의 강약,음의 배열,음의 길이,음악이론
중,화음에서 '완전5도'는 몇 개의 음으로 구성되나요?,2개,3개,4개,5개,3개,음악이론
중,각주율에서 '정주율'은 무엇을 의미하나요?,한 음이 두 배 높아진 것,모든 음이 동일한 간격,음의 변화를 조절,다이나믹의 조절,모든 음이 동일한 간격,음악이론
중,음악 이론에서 '전조'란 무엇을 의미하나요?,음의 높이 변화,화음의 변화,조성의 변화,리듬의 변화,조성의 변화,음악이론
중,'아르페지오'는 무엇을 의미하나요?,동시에 여러 음을 연주,순서대로 음을 연주,음의 반복,음의 생략,순서대로 음을 연주,음악이론
하,'음계'란 무엇인가요?,음의 집합,음악의 형식,리듬의 패턴,화음의 배열,음의 집합,음악이론
하,'리듬'의 기본 단위는 무엇인가요?,음표,화음,멜로디,다이나믹,음표,음악이론
하,클래식 음악의 특징 중 하나는 무엇인가요?,즉흥 연주,정형화된 구조,전통적 요소 없음,대중적 인기도,정형화된 구조,음악이론
하,음악의 주제란 무엇을 의미하나요?,음악의 구성 요소,특정한 멜로디,음악의 주제,작곡가의 의도,특정한 멜로디,음악이론
하,스트링 악기에 포함되는 것은 무엇인가요?,피아노,기타,트럼펫,클라리넷,기타,음악이론
하,다이나믹의 기호 중 '포르타'는 무엇을 의미하나요?,점차 세게,점차 약하게,매우 세게,매우 약하게,매우 약하게,음악이론
하,'모차르트'는 어떤 시대의 작곡가인가요?,바로크 시대,고전 시대,낭만 시대,현대 시대,고전 시대,음악이론
하,'팝 음악'의 주요 특징은 무엇인가요?,복잡한 구조,대중적 요소,전통적 리듬,클래식 기반,대중적 요소,음악이론
하,음악에서 '악상'이란 무엇을 의미하나요?,악기의 종류,연주 스타일,음악의 느낌,음악의 형식,음악의 느낌,음악이론
하,음악의 노래란 무엇인가요?,기악 음악,성악 음악,전자 음악,클래식 음악,성악 음악,음악이론
상,지구 온난화의 주된 원인은 무엇인가요?,숲의 파괴,온실가스 배출,해양 오염,생물 다양성 감소,온실가스 배출,환경학
상,'생태계 서비스'의 예가 아닌 것은 무엇인가요?,식량 생산,공기 정화,생물 다양성 유지,기후 변화,기후 변화,환경학
상,재생 가능 에너지원의 예는 무엇인가요?,석유,석탄,태양열,천연 가스,태양열,환경학
상,'열대 우림'이 가지는 주요 기능은 무엇인가요?,대기 오염 증가,생물 다양성 감소,탄소 저장,자원 고갈,탄소 저장,환경학
상,'오존층'의 주요 역할은 무엇인가요?,대기 오염 방지,자외선 차단,기후 조절,산소 생성,자외선 차단,환경학
상,'기후 변화'의 지표 중 하나는 무엇인가요?,전세계 인구 증가,평균 기온 상승,산업 발전,식량 생산 증가,평균 기온 상승,환경학
상,'멸종 위기 종'의 보호를 위해 어떤 법이 필요할까요?,생태계 보호법,환경 보호법,종 보존법,자원 관리법,종 보존법,환경학
상,'미세먼지'가 인체에 미치는 영향 중 하나는 무엇인가요?,면역력 증가,호흡기 질환 유발,피부 건강 증진,심혈관 기능 향상,호흡기 질환 유발,환경학
상,'폐기물 관리'에서 '재활용'의 중요성은 무엇인가요?,자원의 고갈,환경 오염 증가,자원 절약,경제적 손실,자원 절약,환경학
상,'지속 가능한 발전'의 개념은 무엇인가요?,자원의 무한 사용,현재 세대의 필요와 미래 세대의 필요 조화,경제 성장 최우선,환경 문제 무시,현재 세대의 필요와 미래 세대의 필요 조화,환경학
중,'기후 변화'의 주요 원인은 무엇인가요?,자연 재해,인간 활동,지구의 자전,해양 변화,인간 활동,환경학
중,'온실가스'의 예가 아닌 것은 무엇인가요?,이산화탄소,메탄,산소,아산화질소,산소,환경학
중,'생물 다양성'이란 무엇을 의미하나요?,종의 수 다양성,생태계의 균형,환경 보호,경제적 가치,종의 수 다양성,환경학
중,'환경 오염'의 원인이 아닌 것은 무엇인가요?,산업화,농업,교육,도시화,교육,환경학
중,'온실가스'의 주요 배출원은 무엇인가요?,전자기기,농업,화석 연료 사용,산림 보호,화석 연료 사용,환경학
중,'해양 산성화'가 일어나는 주된 원인은 무엇인가요?,온도 상승,이산화탄소 증가,해양 생물 감소,염도 변화,이산화탄소 증가,환경학
중,'에너지 효율성'이란 무엇을 의미하나요?,에너지 소비 증가,에너지 사용의 최적화,에너지 자원의 고갈,전통적인 에너지 사용,에너지 사용의 최적화,환경학
중,'지속 가능한 도시'의 특징은 무엇인가요?,높은 온실가스 배출,자원 낭비,대중 교통 이용 증가,자연 파괴,대중 교통 이용 증가,환경학
중,'자원 순환'에서 가장 중요한 단계는 무엇인가요?,생산,소비,재활용,폐기,재활용,환경학
중,'사막화'의 주된 원인은 무엇인가요?,기후 변화,대규모 농업,산림 파괴,자연 재해,기후 변화,환경학
하,'환경 보호'의 주된 목적은 무엇인가요?,생물 다양성 감소,자원의 고갈 방지,환경 오염 증가,인간 건강 위협,자원의 고갈 방지,환경학
하,'재활용'의 이점은 무엇인가요?,자원 절약,비용 증가,오염 증가,에너지 소비 증가,자원 절약,환경학
하,'온실가스'의 주된 종류는 무엇인가요?,수소,질소,이산화탄소,헬륨,이산화탄소,환경학
하,'지속 가능한 발전'이란 무엇인가요?,환경을 고려하지 않는 발전,경제적 발전을 우선하는 것,현재와 미래 세대의 요구를 동시에 충족하는 것,자원의 과도한 소비,현재와 미래 세대의 요구를 동시에 충족하는 것,환경학
하,'환경 오염'의 예가 아닌 것은 무엇인가요?,대기 오염,수질 오염,토양 오염,전자기기 사용,전자기기 사용,환경학
하,'산림 파괴'의 주된 원인은 무엇인가요?,도시 개발,대기 오염,생물 다양성 증가,자연 보호,도시 개발,환경학
하,'온실가스'의 배출을 줄이기 위해 할 수 있는 방법은 무엇인가요?,자동차 사용 증가,재생 가능한 에너지 사용,플라스틱 사용 증가,숲 파괴,재생 가능한 에너지 사용,환경학
하,'기후 변화'로 인해 발생하는 현상 중 하나는 무엇인가요?,해수면 상승,생물 다양성 증가,지구의 자전 속도 증가,대기 질 향상,해수면 상승,환경학
하,'생태계'는 무엇을 의미하나요?,인류 사회,동물과 식물의 상호작용,산업 발전,도시 환경,동물과 식물의 상호작용,환경학
하,'대기 오염'의 주된 원인은 무엇인가요?,자연 재해,산업 활동,농업,교육,산업 활동,환경학
상,식물의 광합성 과정에서 사용되는 주요 색소는 무엇인가요?,카로틴,클로로필,안토시아닌,플라보노이드,클로로필,식물학
상,식물에서 물과 미네랄을 흡수하는 기관은 무엇인가요?,줄기,잎,뿌리,꽃,뿌리,식물학
상,식물의 세포에서 에너지를 생성하는 기관은 무엇인가요?,세포막,미토콘드리아,엽록체,골지체,엽록체,식물학
상,이식성 식물의 대표적인 예는 무엇인가요?,장미,선인장,소나무,국화,선인장,식물학
상,식물의 생장에 가장 큰 영향을 미치는 호르몬은 무엇인가요?,옥신,사이토키닌,에틸렌,아브시시산,옥신,식물학
상,식물의 번식 방법 중 하나인 '포자'를 사용하는 식물은 어떤 종류인가요?,식물성,관속식물,곰팡이,양치식물,양치식물,식물학
상,광합성의 화학 반응식에서 생성되는 산소의 출처는 무엇인가요?,이산화탄소,물,햇빛,당,물,식물학
상,식물의 '세포벽'은 무엇으로 주로 구성되어 있나요?,단백질,리포이드,셀룰로오스,글리코겐,셀룰로오스,식물학
상,식물에서 탄소 고정이 일어나는 주된 장소는 어디인가요?,잎의 엽록체,뿌리,줄기,꽃,잎의 엽록체,식물학
상,'교배'를 통해 얻은 식물의 특정 유전적 특성을 가진 품종은 무엇인가요?,야생종,잡종,자생식물,변종,잡종,식물학
중,식물에서 영양소를 운반하는 조직은 무엇인가요?,엽록체,관다발,세포벽,미토콘드리아,관다발,식물학
중,식물의 생장 점에서 생성되는 세포를 무엇이라고 하나요?,분열 조직,고형 조직,기본 조직,외피 조직,분열 조직,식물학
중,식물에서 대기 중 이산화탄소를 흡수하는 부위는 어디인가요?,뿌리,줄기,잎,꽃,잎,식물학
중,식물의 번식 방식 중 '무성 생식'의 예는 무엇인가요?,꽃가루,포자,꺾꽂이,씨앗,꺾꽂이,식물학
중,식물의 주요 영양소 중 하나인 질소는 어떤 역할을 하나요?,광합성,단백질 합성,광합성 방해,비타민 생성,단백질 합성,식물학
중,식물에서 수분이 증발하는 과정은 무엇이라고 하나요?,전이,증산,흡수,이동,증산,식물학
중,식물의 세포에서 에너지를 저장하는 주된 형태는 무엇인가요?,단백질,당,지방,셀룰로오스,당,식물학
중,'유식물'의 대표적인 예는 무엇인가요?,소나무,양파,박하,무화과,양파,식물학
중,식물의 세포에서 물질의 이동을 조절하는 기능을 하는 구조는 무엇인가요?,세포막,세포벽,엽록체,미토콘드리아,세포막,식물학
중,'과일'이란 무엇으로 정의될 수 있나요?,꽃의 발달 결과물,뿌리의 발달 결과물,잎의 발달 결과물,줄기의 발달 결과물,꽃의 발달 결과물,식물학
하,식물에서 광합성의 주된 원료는 무엇인가요?,수소,이산화탄소,질소,산소,이산화탄소,식물학
하,'꽃'의 주된 기능은 무엇인가요?,광합성,수분,영양소 저장,생장,수분,식물학
하,'식물'의 가장 기본적인 생명 과정은 무엇인가요?,이동,번식,성장,호흡,성장,식물학
하,'소나무'와 같은 식물은 무엇으로 분류되나요?,수생식물,고사리식물,속씨식물,겉씨식물,겉씨식물,식물학
하,식물에서 '영양소'를 얻는 주된 방법은 무엇인가요?,지구의 중력,물의 흡수,태양의 빛,대기의 산소,물의 흡수,식물학
하,'식물'이 자생하는 환경을 무엇이라고 하나요?,인공,자연,도시,농경,자연,식물학
하,'과일'의 대표적인 예는 무엇인가요?,당근,사과,양파,브로콜리,사과,식물학
하,'허브'는 어떤 식물군에 속하나요?,나무,다년생 식물,일년생 식물,초본 식물,초본 식물,식물학
하,식물의 생장과 관련된 중요한 요소는 무엇인가요?,온도,소음,빛,기후,온도,식물학
하,식물의 종류 중 '관목'은 무엇인가요?,나무보다 작은 식물,큰 나무,물속에서 자생하는 식물,해양 식물,나무보다 작은 식물,식물학
상,"화학 반응에서 반응물의 에너지가 생성물의 에너지보다 높은 경우, 이 반응은 무엇으로 분류되나요?",발열 반응,흡열 반응,비가역 반응,가역 반응,흡열 반응,화학
상,주기율표에서 알칼리 금속의 원소는 몇 번째 주에 위치하나요?,1주,2주,3주,4주,1주,화학
상,산과 염기의 반응에서 생성되는 물질은 무엇인가요?,염,산소,이산화탄소,질소,염,화학
상,pH가 7보다 낮은 용액은 어떤 성질을 가집니까?,산성,염기성,중성,알칼리성,산성,화학
상,가장 간단한 탄수화물의 화학식은 무엇인가요?,C6H12O6,C12H22O11,CH2O,C2H5OH,CH2O,화학
상,이온 결합을 형성하는 원소의 주된 특징은 무엇인가요?,전자를 공유한다,전자를 잃거나 얻는다,전자 구름을 형성한다,자성이다,전자를 잃거나 얻는다,화학
상,불활성 기체의 대표적인 예는 무엇인가요?,산소,수소,헬륨,질소,헬륨,화학
상,다음 중 화합물에 해당하는 것은 무엇인가요?,Na,Cl2,H2O,O2,H2O,화학
상,화학 반응의 속도에 영향을 미치는 요소가 아닌 것은 무엇인가요?,온도,농도,압력,전하,전하,화학
상,연소 반응에서 생성되는 주된 기체는 무엇인가요?,질소,수증기,이산화탄소,산소,이산화탄소,화학
중,원소의 주기적 성질을 제안한 과학자는 누구인가요?,다윈,멘델레예프,아인슈타인,뉴턴,멘델레예프,화학
중,원자의 중심부에 있는 입자는 무엇인가요?,전자,중성자,양성자,원자핵,원자핵,화학
중,다음 중 이온을 형성하지 않는 원소는 무엇인가요?,나트륨,칼슘,알루미늄,탄소,탄소,화학
중,화합물이란 무엇을 의미하나요?,같은 원소로만 이루어진 물질,두 개 이상의 다른 원소로 이루어진 물질,고체 상태의 물질,기체 상태의 물질,두 개 이상의 다른 원소로 이루어진 물질,화학
중,산화 반응에서 전자가 어떻게 이동하나요?,잃어진다,얻어진다,이동하지 않는다,생성된다,잃어진다,화학
중,다음 중 산의 예는 무엇인가요?,NaOH,HCl,CaO,KCl,HCl,화학
중,화학 변화가 일어나는 과정에서 에너지가 방출되는 반응을 무엇이라고 하나요?,흡열 반응,발열 반응,비가역 반응,가역 반응,발열 반응,화학
중,다음 중 알칼리 금속의 특징이 아닌 것은 무엇인가요?,매우 반응성이 강하다,물과 쉽게 반응한다,상온에서 고체 상태이다,전자를 잃어 양이온을 형성한다,상온에서 고체 상태이다,화학
중,다음 중 유기 화합물의 예는 무엇인가요?,H2O,CO2,C6H12O6,NaCl,C6H12O6,화학
중,화학에서 '몰'의 단위는 무엇을 의미하나요?,질량,부피,원자의 개수,밀도,원자의 개수,화학
하,물의 화학식은 무엇인가요?,H2O,O2,CO2,NaCl,H2O,화학
하,다음 중 고체 물질의 예는 무엇인가요?,물,공기,얼음,수증기,얼음,화학
하,다음 중 기체 상태의 물질은 무엇인가요?,금속,수소,소금,석탄,수소,화학
하,주기율표에서 1주 원소들은 어떤 성질을 가집니까?,비금속,금속,비활성,고체,금속,화학
하,탄소는 몇 개의 전자를 가지고 있나요?,4,6,8,2,6,화학
하,다음 중 화합물의 예는 무엇인가요?,N2,Cl2,H2O,O2,H2O,화학
하,이온 결합에서 양이온은 어떤 원소에서 형성 되나요?,비금속,금속,비활성 원소,반도체,금속,화학
하,다음 중 산의 성질이 아닌 것은 무엇인가요?,쓴맛이 난다,수소 이온을 방출한다,전도성이 있다,pH가 7보다 낮다,쓴맛이 난다,화학
하,염기의 예는 무엇인가요?,HCl,NaOH,H2SO4,CO2,NaOH,화학
하,화학식에서 원소 기호는 무엇을 나타내나요?,분자의 질량,원소의 종류,분자의 크기,원소의 상태,원소의 종류,화학
상,태양계에서 가장 큰 행성은 무엇인가요?,지구,화성,목성,토성,목성,천문학
상,블랙홀의 존재를 처음 제안한 과학자는 누구인가요?,아인슈타인,호킨스,뉴턴,플랑크,아인슈타인,천문학
상,다음 중 태양의 주 구성 요소는 무엇인가요?,수소,헬륨,산소,질소,수소,천문학
상,지구의 자전축 기울기는 약 몇 도인가요?,23.5도,30도,45도,60도,23.5도,천문학
상,지구의 대기에서 가장 많은 가스는 무엇인가요?,산소,이산화탄소,질소,아르곤,질소,천문학
상,다음 중 태양계의 행성이 아닌 것은 무엇인가요?,금성,화성,플루토,카리브해,카리브해,천문학
상,어떤 별이 생을 마감하면서 폭발하는 현상을 무엇이라고 하나요?,초신성,블랙홀,네바타,적색거성,초신성,천문학
상,태양의 중심에서 일어나는 핵융합 반응의 주된 결과물은 무엇인가요?,헬륨,수소,탄소,산소,헬륨,천문학
상,지구와 태양 사이의 평균 거리는 약 얼마인가요?,1백만 km,1억 km,1천만 km,1천억 km,1억 km,천문학
상,은하의 중심에 존재하는 거대한 블랙홀의 이름은 무엇인가요?,시리우스,사가리트리,센타우루스 A,사각자리 A*,사각자리 A*,천문학
중,태양계의 수성을 가장 잘 설명하는 특징은 무엇인가요?,가장 큰 행성,가장 가까운 행성,가장 많은 위성,가장 두꺼운 대기,가장 가까운 행성,천문학
중,지구의 위성은 무엇인가요?,금성,화성,달,목성,달,천문학
중,태양계의 외행성들은 주로 어떤 물질로 구성되어 있나요?,암석,물,가스,얼음,가스,천문학
중,다음 중 가장 밝은 별은 무엇인가요?,폴라리스,베가,시리우스,리겔,시리우스,천문학
중,별이 생성되는 과정의 가장 첫 번째 단계는 무엇인가요?,초신성,성운,적색거성,백색왜성,성운,천문학
중,다음 중 가장 큰 천체는 무엇인가요?,태양,지구,블랙홀,목성,태양,천문학
중,태양의 에너지는 무엇을 통해 생성되나요?,핵융합,핵분열,전자기파,중력,핵융합,천문학
중,다음 중 태양계의 가장 바깥쪽에 위치한 행성은 무엇인가요?,토성,해왕성,천왕성,목성,해왕성,천문학
중,태양계를 구성하는 가장 많은 천체는 무엇인가요?,행성,위성,소행성,혜성,소행성,천문학
중,은하수의 형태는 무엇인가요?,타원형,나선형,불규칙형,평면형,나선형,천문학
하,태양의 표면 온도는 대략 얼마인가요?,500도,5000도,10000도,15000도,5000도,천문학
하,다음 중 지구를 포함하는 행성 그룹은 무엇인가요?,외행성,내행성,소행성,위성,내행성,천문학
하,지구의 자전 주기는 대략 얼마인가요?,12시간,24시간,30시간,48시간,24시간,천문학
하,다음 중 지구에서 가장 가까운 별은 무엇인가요?,프로xima 센타우리,시리우스,알파 센타우리 A,베가,프로xima 센타우리,천문학
하,별의 색은 주로 무엇에 의해 결정되나요?,크기,온도,나이,조성,온도,천문학
하,천체가 서로의 중력에 의해 영향을 주는 현상을 무엇이라고 하나요?,중력,전자기력,핵력,인력,중력,천문학
하,달의 위상이 주기적으로 변화하는 이유는 무엇인가요?,지구의 자전,달의 자전,태양과 지구의 위치 변화,달의 궤도,태양과 지구의 위치 변화,천문학
하,다음 중 태양계의 대적하는 행성은 무엇인가요?,금성,화성,목성,천왕성,금성,천문학
하,다음 중 태양의 표면에 있는 큰 기포들은 무엇인가요?,태양흑점,태양풍,태양광선,태양플레어,태양흑점,천문학
하,다음 중 우주의 나이를 추정하는 데 사용되는 방법은 무엇인가요?,별의 수,우주 배경 복사,행성의 궤도,태양의 크기,우주 배경 복사,천문학
상,"로봇의 기본 구성 요소 중 하나로, 정보 처리와 결정을 담당하는 장치는 무엇인가요?",센서,액추에이터,프로세서,배터리,프로세서,로봇공학
상,다음 중 자율주행차에 사용되는 기술은 무엇인가요?,딥러닝,그래픽 디자인,데이터베이스 관리,웹 개발,딥러닝,로봇공학
상,로봇의 움직임을 제어하기 위한 전기적 장치를 무엇이라고 하나요?,센서,액추에이터,제어기,프로그래머,액추에이터,로봇공학
상,다음 중 로봇이 환경을 인식하는 데 사용하는 장치는 무엇인가요?,카메라,프로세서,배터리,스피커,카메라,로봇공학
상,로봇이 특정 작업을 수행하기 위해 미리 프로그래밍된 경로를 따라가는 방식을 무엇이라고 하나요?,경로 계획,자율 주행,스크립팅,모델링,경로 계획,로봇공학
상,로봇 공학에서 “스마트 로봇”이란 무엇을 의미하나요?,고전적인 로봇,인공지능을 탑재한 로봇,정밀한 기계적 로봇,단순한 조작 로봇,인공지능을 탑재한 로봇,로봇공학
상,로봇의 설계에 있어서 인간의 근육과 유사한 기능을 하는 장치는 무엇인가요?,액추에이터,센서,카메라,컴퓨터,액추에이터,로봇공학
상,다음 중 로봇의 동작을 제어하는 알고리즘의 예는 무엇인가요?,정렬 알고리즘,경로 최적화 알고리즘,암호화 알고리즘,검색 알고리즘,경로 최적화 알고리즘,로봇공학
상,산업용 로봇이 일반적으로 많이 사용하는 기술은 무엇인가요?,유전자 알고리즘,자동화 기술,기계 학습,비전 인식,자동화 기술,로봇공학
상,로봇이 동작을 위해 필요한 에너지원으로 사용되는 가장 일반적인 것은 무엇인가요?,수소,태양 에너지,전기,화석 연료,전기,로봇공학
중,로봇 공학에서 가장 많이 사용되는 프로그래밍 언어는 무엇인가요?,Python,Java,C++,JavaScript,C++,로봇공학
중,다음 중 로봇의 힘과 움직임을 제어하는 기술은 무엇인가요?,로보틱스,메카트로닉스,AI,네트워킹,메카트로닉스,로봇공학
중,다음 중 로봇이 환경을 인식하기 위해 사용하는 감각은 무엇인가요?,미각,청각,촉각,시각,시각,로봇공학
중,로봇의 프로그램을 업데이트할 때 사용하는 방법은 무엇인가요?,재부팅,업그레이드,리셋,리부팅,업그레이드,로봇공학
중,로봇의 작업 성능을 높이기 위한 테스트 및 평가 방법은 무엇인가요?,실험,분석,시뮬레이션,프로토타입,시뮬레이션,로봇공학
중,다음 중 로봇이 주변 환경을 분석할 때 사용하는 기술은 무엇인가요?,이미지 프로세싱,웹 스크래핑,데이터 마이닝,네트워크 분석,이미지 프로세싱,로봇공학
중,로봇의 하드웨어와 소프트웨어가 통합되어 작동하는 시스템을 무엇이라고 하나요?,자동화 시스템,로봇 시스템,임베디드 시스템,제어 시스템,로봇 시스템,로봇공학
중,로봇의 이동 방식 중 '구르는' 방식을 무엇이라고 하나요?,트랙터,휠 구동,레일 구동,유압 구동,휠 구동,로봇공학
중,다음 중 로봇이 스스로 학습하는 기술은 무엇인가요?,기계 학습,데이터 분석,프로그래밍,데이터 수집,기계 학습,로봇공학
중,로봇이 수행하는 작업의 종류에 따라 분류되는 것은 무엇인가요?,모바일 로봇,산업용 로봇,서비스 로봇,모든 항목,모든 항목,로봇공학
하,로봇이 특정 작업을 수행하기 위해 필요한 정보를 저장하는 장치는 무엇인가요?,메모리,센서,카메라,스피커,메모리,로봇공학
하,로봇이 주어진 작업을 수행할 때 사용하는 명령어는 무엇인가요?,프로그램,스크립트,코드,알고리즘,프로그램,로봇공학
하,로봇이 자율적으로 움직이기 위해 필요한 기술은 무엇인가요?,전자기,인공지능,기계적,통신,인공지능,로봇공학
하,다음 중 로봇의 외형을 구성하는 재료는 무엇인가요?,플라스틱,종이,나무,금속,플라스틱,로봇공학
하,로봇이 사용하는 전원 공급 장치는 무엇인가요?,전기,수소,태양광,화석 연료,전기,로봇공학
하,로봇이 특정 환경에서 작동할 수 있도록 만드는 기술은 무엇인가요?,로봇 공학,기계 설계,자동화,프로그래밍,로봇 공학,로봇공학
하,로봇의 외부 환경을 감지하는 장치는 무엇인가요?,센서,액추에이터,메모리,프로세서,센서,로봇공학
하,로봇이 작업을 수행하는 데 필요한 데이터를 수집하는 과정을 무엇이라고 하나요?,데이터 수집,데이터 분석,데이터 처리,데이터 전송,데이터 수집,로봇공학
하,로봇이 자신의 위치를 알아내기 위해 사용하는 기술은 무엇인가요?,위치 추적,맵핑,내비게이션,탐색,내비게이션,로봇공학
하,다음 중 로봇의 작업을 쉽게 만들기 위한 도구는 무엇인가요?,소프트웨어,하드웨어,알고리즘,프로그래밍 언어,소프트웨어,로봇공학
상,DNA의 구조를 발견한 과학자는 누구인가요?,제임스 왓슨,프랜시스 크릭,그레고르 멘델,찰스 다윈,제임스 왓슨,유전학
상,유전자의 발현을 조절하는 단백질을 무엇이라고 하나요?,효소,리프레서,프로모터,전사인자,전사인자,유전학
상,세포 분열의 과정 중 DNA가 복제되는 단계는 무엇인가요?,G1 단계,S 단계,G2 단계,M 단계,S 단계,유전학
상,인간의 염색체 수는 총 몇 개인가요?,22쌍,23쌍,24쌍,46쌍,23쌍,유전학
상,유전자형과 표현형의 차이는 무엇인가요?,염색체의 수,유전자의 위치,유전자의 조합과 외부 표현,단백질의 종류,유전자의 조합과 외부 표현,유전학
상,특정 유전자가 상염색체에서 발현되는 형태는 무엇이라고 하나요?,우성,열성,보완,다형성,우성,유전학
상,다음 중 유전자 변이를 유발할 수 있는 요인은 무엇인가요?,방사선,온도 변화,식이 요인,모든 항목,모든 항목,유전학
상,유전자 재조합이 발생하는 생물학적 과정은 무엇인가요?,세포분열,감수분열,단세포 분열,생식세포 생성,감수분열,유전학
상,유전병의 예로는 무엇이 있나요?,당뇨병,헌팅턴병,고혈압,우울증,헌팅턴병,유전학
상,CRISPR 기술은 무엇을 위한 방법인가요?,단백질 합성,유전자 편집,유전자 증폭,세포 배양,유전자 편집,유전학
중,다음 중 유전 정보가 저장된 분자는 무엇인가요?,RNA,DNA,단백질,리보솜,DNA,유전학
중,멘델의 유전법칙 중 '우성의 법칙'이란 무엇인가요?,유전자형이 표현형에 미치는 영향,부모로부터 유전자를 물려받는 방식,유전자가 항상 발현되는 방식,특정 형질이 자손에 우선적으로 나타나는 경향,특정 형질이 자손에 우선적으로 나타나는 경향,유전학
중,다음 중 유전 정보의 전달을 담당하는 세포는 무엇인가요?,적혈구,신경세포,생식세포,간세포,생식세포,유전학
중,단백질 합성을 위한 RNA의 종류는 무엇인가요?,mRNA,tRNA,rRNA,모든 항목,모든 항목,유전학
중,DNA 염기서열에서 'A'는 무엇과 짝을 이루나요?,T,C,G,U,T,유전학
중,유전자가 발현되지 않는 상태를 무엇이라고 하나요?,활성화,비활성화,억제,변형,비활성화,유전학
중,인간 유전체 프로젝트의 주요 목표는 무엇인가요?,유전자 치료,유전자 맵 작성,유전자 분석,유전자 조작,유전자 맵 작성,유전학
중,다음 중 유전자 검사로 진단할 수 있는 질병은 무엇인가요?,유방암,간염,인플루엔자,감기,유방암,유전학
중,유전자의 구조에서 프로모터는 무엇을 의미하나요?,유전자의 코딩 영역,유전자의 조절 영역,유전자의 발현 영역,유전자의 변이 영역,유전자의 조절 영역,유전학
중,다음 중 다형성이 나타나는 유전자 유형은 무엇인가요?,단일 유전자,다중 유전자,다형성 유전자,모두 해당,다형성 유전자,유전학
하,유전자는 무엇을 코드화하나요?,단백질,탄수화물,지방,비타민,단백질,유전학
하,유전형에서 'A'는 무엇을 의미하나요?,알레일,형질,유전자,염색체,알레일,유전학
하,유전적 특성이 부모로부터 자손에게 전달되는 과정을 무엇이라고 하나요?,유전,변이,변형,교배,유전,유전학
하,다음 중 DNA의 구성 요소는 무엇인가요?,아미노산,뉴클레오타이드,단백질,탄수화물,뉴클레오타이드,유전학
하,세포가 DNA를 복제하는 과정은 무엇인가요?,전사,번역,복제,전파,복제,유전학
하,유전자 분석을 통해 확인할 수 있는 것은 무엇인가요?,개인의 혈액형,개인의 식습관,개인의 혈압,개인의 키,개인의 혈액형,유전학
하,멘델의 실험에서 사용한 식물은 무엇인가요?,옥수수,완두콩,토마토,감자,완두콩,유전학
하,생식세포는 어떤 세포 분열을 통해 생성되나요?,유사분열,감수분열,세포 분열,세포 성장,감수분열,유전학
하,다음 중 유전자를 변형하는 방법은 무엇인가요?,클로닝,교배,유전자 치료,모든 항목,모든 항목,유전학
하,유전학의 기본 단위는 무엇인가요?,염색체,유전자,단백질,RNA,유전자,유전학
상,언어의 생성 이론을 설명하는 '변형생성 문법'의 주요 개념은 무엇인가요?,규칙 기반,패턴 학습,확률적 모델,구조적 접근,규칙 기반,언어학
상,노엄 촘스키가 제안한 '생득적 문법'의 개념은 무엇을 의미하나요?,모든 인간은 선천적으로 언어를 이해하는 능력을 가지고 있다,언어는 사회적 상호작용을 통해 학습된다,언어는 특정 문화적 맥락에서만 존재한다,언어는 무작위적으로 변화한다,모든 인간은 선천적으로 언어를 이해하는 능력을 가지고 있다,언어학
상,화용론에서 '맥락'의 역할은 무엇인가요?,단어의 의미를 결정하는 것,언어 사용의 사회적 조건을 이해하는 것,문장의 문법적 구조를 결정하는 것,언어의 역사적 변화를 설명하는 것,언어 사용의 사회적 조건을 이해하는 것,언어학
상,'다의어'의 예는 무엇인가요?,마늘,종이,은,울다,은,언어학
상,'어근'이란 무엇인가요?,단어의 기본 의미를 가진 부분,단어의 접두사,문장의 주어,단어의 접미사,단어의 기본 의미를 가진 부분,언어학
상,언어의 변화에서 '음운 변화'란 무엇을 의미하나요?,문법의 변화,단어의 의미 변화,소리의 변화,문화의 변화,소리의 변화,언어학
상,어떤 언어가 세계에서 가장 많이 사용되는 언어인가요?,영어,스페인어,중국어,아랍어,중국어,언어학
상,'사회언어학'은 어떤 분야를 연구하나요?,언어의 구조,언어의 역사,언어와 사회의 관계,언어의 발음,언어와 사회의 관계,언어학
상,'화용론'에서 주로 연구하는 것은 무엇인가요?,문법적 구조,의미의 변화,언어 사용의 맥락,음의 변화,언어 사용의 맥락,언어학
중,'소리의 변화'를 연구하는 언어학의 한 분야는 무엇인가요?,사회언어학,음운론,형태론,통사론,음운론,언어학
중,'동의어'의 의미는 무엇인가요?,반대의 의미를 가진 단어,비슷한 의미를 가진 단어,특정 지역에서만 쓰이는 단어,문법적 성격이 다른 단어,비슷한 의미를 가진 단어,언어학
중,인칭대명사 '그'는 어떤 경우에 사용되나요?,남성을 지칭할 때,여성을 지칭할 때,사물을 지칭할 때,모두 해당됨,모두 해당됨,언어학
중,'형용사'의 기본 역할은 무엇인가요?,동작을 나타내는 것,상태나 성질을 나타내는 것,사물을 지칭하는 것,모든 항목,상태나 성질을 나타내는 것,언어학
중,'부정사'는 주로 어떤 형태로 사용되나요?,명사처럼,동사처럼,형용사처럼,부사처럼,명사처럼,언어학
중,'어휘'의 의미는 무엇인가요?,단어의 집합,문장의 구조,문법 규칙,발음의 변화,단어의 집합,언어학
중,어떤 단어가 '신조어'로 간주되나요?,기존 단어에서 파생된 단어,새로운 의미로 사용되는 단어,특정 지역에서만 사용되는 단어,고어,새로운 의미로 사용되는 단어,언어학
중,'어근'이란 무엇인가요?,단어의 접두사,단어의 기본 의미를 가진 부분,문장의 주어,단어의 접미사,단어의 기본 의미를 가진 부분,언어학
중,'모음'과 '자음'의 차이는 무엇인가요?,발음 위치,소리의 길이,소리의 종류,발음 방법,발음 방법,언어학
중,'기호학'의 주요 연구 주제는 무엇인가요?,언어의 발음,의미와 기호의 관계,문법 규칙,역사적 변천사,의미와 기호의 관계,언어학
하,'명사'의 기능은 무엇인가요?,동작을 나타내는 것,사물이나 사람을 지칭하는 것,상태나 성질을 나타내는 것,시간이나 장소를 나타내는 것,사물이나 사람을 지칭하는 것,언어학
하,'주어'는 문장에서 어떤 역할을 하나요?,동작의 대상을 나타낸다,동작을 수행하는 주체를 나타낸다,장소를 나타낸다,시간의 경과를 나타낸다,동작을 수행하는 주체를 나타낸다,언어학
하,'동사'의 기본 역할은 무엇인가요?,상태를 나타내는 것,동작을 나타내는 것,사물을 지칭하는 것,감정을 표현하는 것,동작을 나타내는 것,언어학
하,'전치사'의 기능은 무엇인가요?,장소나 방향을 나타낸다,감정을 나타낸다,상태를 나타낸다,동작을 나타낸다,장소나 방향을 나타낸다,언어학
하,'형용사'의 예는 무엇인가요?,빨강,달리다,사람,아름답다,아름답다,언어학
하,'부사'는 어떤 기능을 하나요?,동작의 방법을 나타낸다,사물을 지칭하는 것,감정을 나타내는 것,장소를 나타낸다,동작의 방법을 나타낸다,언어학
하,'대명사'는 무엇을 대신하는 단어인가요?,명사,동사,형용사,부사,명사,언어학
하,'관사'의 기능은 무엇인가요?,명사의 수량을 나타낸다,동작을 나타낸다,상태를 나타낸다,장소를 나타낸다,명사의 수량을 나타낸다,언어학
하,'문장'이란 무엇인가요?,단어의 모음,의미가 있는 단어의 집합,단순한 단어,형용사와 부사로 구성된 것,의미가 있는 단어의 집합,언어학
하,'의미'의 정의는 무엇인가요?,단어의 발음,단어가 나타내는 개념,단어의 길이,단어의 사용 빈도,단어가 나타내는 개념,언어학
상,'청동기 시대'가 시작된 주된 이유는 무엇인가요?,농업의 발전,금속 가공 기술의 발전,문자의 발명,도시의 형성,금속 가공 기술의 발전,고고학
상,고고학적 유적 중 '바벨탑'의 전설이 남긴 유적은 어떤 문명에서 유래했나요?,이집트 문명,메소포타미아 문명,인더스 문명,마야 문명,메소포타미아 문명,고고학
상,'피라미드'가 위치한 나라는 어디인가요?,이집트,그리스,로마,인도,이집트,고고학
상,고고학적 발굴에서 '층위'란 무엇을 의미하나요?,발굴 현장의 전체 면적,유물이나 유적의 시간적 층,고고학자의 작업 순서,발굴 도구의 종류,유물이나 유적의 시간적 층,고고학
상,고고학적 유물의 연대를 측정하기 위한 방법 중 하나인 '방사성 탄소 연대 측정'은 무엇을 기반으로 하나요?,지구의 자전,방사능의 반감기,대기 중의 산소 비율,지구의 물리적 변동,방사능의 반감기,고고학
상,'메소포타미아'는 어떤 두 강 사이에 위치한 지역인가요?,나일 강과 유프라테스 강,유프라테스 강과 티그리스 강,인더스 강과 갠지스 강,암흑 강과 신앙 강,유프라테스 강과 티그리스 강,고고학
상,'고대 로마'에서 가장 중요한 정치적 집회소는 어디인가요?,포럼,콜로세움,파르테논 신전,크리미널 법원,포럼,고고학
상,'테라코타 군사'는 어느 고대 문명에서 발견되었나요?,로마,메소포타미아,고대 중국,이집트,고대 중국,고고학
상,'스톤헨지'는 어느 시대의 유적인가요?,선사시대,청동기 시대,고대 그리스 시대,로마 시대,선사시대,고고학
상,'마야 문명'의 주요 도시 중 하나는 무엇인가요?,티칼,로마,바빌론,아테네,티칼,고고학
중,'고고학적 발굴'이란 무엇을 의미하나요?,유적을 파내는 작업,역사적 문서를 조사하는 작업,유물의 가격을 평가하는 작업,유물의 사진을 찍는 작업,유적을 파내는 작업,고고학
중,'고고학'이란 무엇을 연구하는 학문인가요?,고대 언어,고대 문화와 유물,고대 문서,고대 식물,고대 문화와 유물,고고학
중,'석기 시대'는 어떤 주요 도구를 사용했나요?,금속 도구,나무 도구,돌 도구,종이 도구,돌 도구,고고학
중,'고대 이집트'의 주된 신앙 체계는 무엇이었나요?,단일신,다신교,유일신,조상 숭배,다신교,고고학
중,'유적지'란 무엇을 의미하나요?,발굴되지 않은 지역,고대 문화의 흔적이 남아 있는 지역,현대 도시,역사적 문서의 위치,고대 문화의 흔적이 남아 있는 지역,고고학
중,고고학자들이 유물을 발굴할 때 주의해야 할 점은 무엇인가요?,유물의 색깔,유물의 크기,유물의 위치와 맥락,유물의 가격,유물의 위치와 맥락,고고학
중,'고고학적 유물'이란 무엇인가요?,고대 문서,고대의 건축물,고대 사람들이 만든 물건,고대의 식물,고대 사람들이 만든 물건,고고학
중,고고학적 연구에서 '사료'란 무엇을 의미하나요?,문서와 유물,사람들의 말,유적의 크기,지역의 기후,문서와 유물,고고학
중,'고대 문명'의 정의는 무엇인가요?,단순한 농업 사회,복잡한 사회 구조와 문화적 발전을 가진 사회,미개한 사회,현대 사회,복잡한 사회 구조와 문화적 발전을 가진 사회,고고학
중,고고학에서 '시대 구분'의 기준은 무엇인가요?,정치 체제,기술적 발전,언어의 변화,기후 변화,기술적 발전,고고학
하,고고학적 유물 중 '도기'는 무엇인가요?,나무로 만든 도구,금속으로 만든 도구,흙으로 만든 그릇,종이로 만든 문서,흙으로 만든 그릇,고고학
하,고고학에서 '발굴'이란 무엇을 의미하나요?,유물을 조사하는 것,유물을 찾기 위해 땅을 파는 것,유물을 전시하는 것,유물을 판매하는 것,유물을 찾기 위해 땅을 파는 것,고고학
하,'청동기 시대'는 어떤 금속의 사용으로 특징지어지나요?,철,금,청동,은,청동,고고학
하,'석기 시대'의 주된 생활 방식은 무엇이었나요?,농업,수렵과 채집,산업,상업,수렵과 채집,고고학
하,'유적'이란 무엇을 의미하나요?,역사적 인물,고대 문명의 흔적,고대 언어,고대 종교,고대 문명의 흔적,고고학
하,'고대 이집트'에서 '미라'란 무엇인가요?,고대 신전,방부 처리가 된 시체,고대 문서,고대 무덤,방부 처리가 된 시체,고고학
하,'구석기 시대'에 사용된 도구는 무엇인가요?,금속 도구,나무 도구,돌 도구,종이 도구,돌 도구,고고학
하,고고학자들이 발굴 작업을 하는 이유는 무엇인가요?,고대 문화를 이해하기 위해,유물을 판매하기 위해,고대 신화를 만들기 위해,현대 문화를 개선하기 위해,고대 문화를 이해하기 위해,고고학
하,'피라미드'는 어떤 목적으로 건축되었나요?,왕의 무덤,신전,도시,성,왕의 무덤,고고학
하,'고대 그리스'의 주된 철학적 전통은 무엇인가요?,형이상학,실용주의,경험주의,플라톤주의,플라톤주의,고고학
상,세균의 세포벽은 어떤 성분으로 이루어져 있나요?,셀룰로오스,펩티도글리칸,키틴,리포폴리사카라이드,펩티도글리칸,미생물학
상,항생제가 효과적인 세균의 주요 특성은 무엇인가요?,호기성,혐기성,그람 양성,그람 음성,그람 양성,미생물학
상,'미생물 군집'이란 무엇을 의미하나요?,특정 지역에서 서식하는 모든 생물,특정 환경에서 상호작용하는 미생물 집합체,특정한 종류의 미생물,인간의 장내 미생물,특정 환경에서 상호작용하는 미생물 집합체,미생물학
상,'바이러스'의 주요 구조는 무엇인가요?,세포벽,핵산과 단백질 껍질,미토콘드리아,엽록체,핵산과 단백질 껍질,미생물학
상,'리보솜'의 주된 역할은 무엇인가요?,에너지 생산,단백질 합성,유전자 복제,세포 분열,단백질 합성,미생물학
상,'효소'의 주요 기능은 무엇인가요?,유전 정보를 전달,화학 반응의 촉매,세포 구조를 형성,에너지를 저장,화학 반응의 촉매,미생물학
상,'혐기성 세균'이란 무엇을 의미하나요?,산소가 필요한 세균,산소가 없는 환경에서 생존하는 세균,높은 온도에서만 생존하는 세균,염도가 높은 환경에서 생존하는 세균,산소가 없는 환경에서 생존하는 세균,미생물학
상,'균류'는 어떤 주요한 특성을 가지고 있나요?,광합성을 한다,세포벽이 키틴으로 이루어져 있다,독립적으로 생존할 수 없다,엽록체가 있다,세포벽이 키틴으로 이루어져 있다,미생물학
상,'세균의 변이'는 주로 어떤 과정을 통해 발생하나요?,유전자 재조합,세포 분열,단백질 합성,대사 과정,유전자 재조합,미생물학
상,'호기성 세균'의 생존을 위해 가장 중요한 요소는 무엇인가요?,물,산소,온도,pH,산소,미생물학
중,'페니실린'은 어떤 종류의 항생제인가요?,합성 항생제,천연 항생제,광범위 항생제,선택적 항생제,천연 항생제,미생물학
중,'미생물의 번식'은 주로 어떤 방식으로 이루어지나요?,유성 생식,무성 생식,분열,성 교배,무성 생식,미생물학
중,'유산균'의 주요 역할은 무엇인가요?,유해한 세균 제거,단백질 합성,에너지 생산,효소 생산,유해한 세균 제거,미생물학
중,'미생물의 대사' 과정 중 주로 에너지를 생산하는 방식은 무엇인가요?,발효,광합성,호흡,동화작용,호흡,미생물학
중,'균의 생장'에 가장 큰 영향을 미치는 요소는 무엇인가요?,온도,색상,물질,압력,온도,미생물학
중,'박테리아'가 특정 환경에서 생존하는 주요 메커니즘은 무엇인가요?,스펙트럼,변형,내성,변이,내성,미생물학
중,'세균의 그람 염색'에서 그람 양성 세균은 어떤 색으로 염색되나요?,파란색,빨간색,녹색,노란색,파란색,미생물학
중,'미생물의 유전자 조작'의 주된 목적은 무엇인가요?,질병 치료,에너지 생산,환경 개선,식량 생산,질병 치료,미생물학
중,'바이러스'는 어떤 특징을 가지고 있나요?,독립적으로 증식할 수 있다,세포 구조를 가진다,숙주 세포를 필요로 한다,대사 과정을 수행한다,숙주 세포를 필요로 한다,미생물학
하,'세균'이란 무엇인가요?,다세포 생물,단세포 생물,식물,동물,단세포 생물,미생물학
하,'곰팡이'는 어떤 종류의 생물인가요?,식물,미생물,동물,무척추동물,미생물,미생물학
하,'바이러스'는 무엇으로 구성되어 있나요?,세포,단백질과 핵산,물질,미생물,단백질과 핵산,미생물학
하,'미생물'의 주요 생태적 역할은 무엇인가요?,유해한 생물 제거,음식 조리,에너지 저장,농작물 생산,유해한 생물 제거,미생물학
하,'세균'은 어디에서 주로 발견되나요?,산소가 없는 곳,모든 환경,물속만,식물 속,모든 환경,미생물학
하,'효모'는 어떤 종류의 미생물인가요?,세균,곰팡이,바이러스,원생생물,곰팡이,미생물학
하,'발효'는 어떤 과정인가요?,산소가 필요한 과정,미생물이 에너지를 생산하는 과정,단백질 합성 과정,영양소 소화 과정,미생물이 에너지를 생산하는 과정,미생물학
하,'세균'의 주요 역할은 무엇인가요?,질병을 유발,유용한 물질 생산,독소 생성,모두 포함,유용한 물질 생산,미생물학
하,'유산균'은 어떤 음식에 주로 존재하나요?,빵,우유,고기,과일,우유,미생물학
하,'세균'의 크기는 대략 얼마인가요?,1m,1mm,1μm,1cm,1μm,미생물학
상,"제트 기류는 대략 어느 고도에서 발생하나요?",2~5km,10~15km,20~25km,30~35km,10~15km,기상학
상,"엘니뇨 현상은 어느 대양에서 발생하나요?",인도양,대서양,태평양,북극해,태평양,기상학
상,"열대 저기압의 주요 원인은 무엇인가요?",고기압,저기압,상승 기류,하강 기류,저기압,기상학
상,"대기 중의 오존층은 주로 어떤 역할을 하나요?",태양광 반사,자외선 차단,산소 생성,지구 온난화 방지,자외선 차단,기상학
상,"기온의 급격한 변화는 주로 어떤 기상 현상으로 발생하나요?",대기압의 변화,열대성 폭풍,전선 통과,해양 순환,전선 통과,기상학
상,"강한 바람이 발생하는 주요 원인 중 하나는 무엇인가요?",기압 차,해양의 온도 변화,지구의 자전,구름의 이동,기압 차,기상학
상,"온난화로 인해 사라지는 중요한 빙하는 어디에 위치해 있나요?",알프스,히말라야,그린란드,남극,그린란드,기상학
상,"'사막화' 현상은 주로 어느 지역에서 발생하나요?",북극,사하라 이남 아프리카,동남아시아,남미,사하라 이남 아프리카,기상학
상,"온도 상승과 관련하여 대기 중의 이산화탄소(CO2) 농도가 증가하는 주요 원인은 무엇인가요?",화석 연료 사용,자연적 이산화탄소 방출,화산 폭발,지구의 자전,화석 연료 사용,기상학
상,"열대 기후에서 발생하는 몬순은 어떤 기상 현상에 의해 발생하나요?",대기 순환,해양의 염도 변화,극지 바람,태양풍,대기 순환,기상학
중,"해양 기후와 대륙성 기후를 구분하는 주요 요인은 무엇인가요?",고도,바다와의 거리,위도,기압,바다와의 거리,기상학
중,"'라니냐' 현상은 어떤 결과를 초래하나요?",해양 수온 상승,해양 수온 하강,대기압 상승,강수량 증가,해양 수온 하강,기상학
중,"고기압은 주로 어떤 날씨와 연관이 있나요?",맑은 날씨,비 오는 날씨,바람이 강한 날씨,폭설,맑은 날씨,기상학
중,"대기의 최하층, 즉 인간이 생활하는 대기는 무엇이라고 불리나요?",성층권,대류권,중간권,외기권,대류권,기상학
중,"바람의 방향을 측정하는 기구는 무엇인가요?",기압계,풍속계,풍향계,온도계,풍향계,기상학
중,"기상학에서 사용되는 '습도'는 대기 중에 포함된 무엇을 의미하나요?",산소,질소,수증기,이산화탄소,수증기,기상학
중,"지구의 기후 변화에 영향을 미치는 주요 요인 중 하나는 무엇인가요?",태양의 복사 에너지,지구의 자전,지구의 공전,위성의 위치,태양의 복사 에너지,기상학
중,"태풍은 북대서양에서는 무엇이라고 불리나요?",허리케인,토네이도,몬순,사이클론,허리케인,기상학
중,"적도 지역은 주로 어떤 기후를 가지고 있나요?",건조 기후,열대 우림 기후,한대 기후,온대 기후,열대 우림 기후,기상학
중,"'바로미터'는 어떤 것을 측정하는 데 사용되나요?",기온,기압,풍향,강수량,기압,기상학
하,"날씨를 예측하는 학문은 무엇인가요?",지리학,기상학,생물학,천문학,기상학,기상학
하,"대기 중에서 물이 증발하거나 응결하는 과정에서 방출되는 에너지는 무엇인가요?",잠열,태양열,복사열,바람,잠열,기상학
하,"비구름이 형성되는 대기층은 어디인가요?",성층권,외기권,대류권,중간권,대류권,기상학
하,"바람이 부는 주요 원인은 무엇인가요?",기온 차,습도,자외선,대기 오염,기온 차,기상학
하,"토네이도는 주로 어떤 지역에서 발생하나요?",북극,사막,미국 중서부,열대 우림,미국 중서부,기상학
하,"대기 중 이산화탄소 농도의 증가는 어떤 현상을 초래하나요?",지구 냉각,지구 온난화,해양 산성화,대기 순환,지구 온난화,기상학
하,"안개는 주로 어떤 현상으로 발생하나요?",기온 상승,증발,응결,열대성 저기압,응결,기상학
하,"기후는 주로 몇 년 이상의 긴 시간 동안의 평균 날씨를 말하나요?",1년,10년,30년,100년,30년,기상학
하,"여름철에 자주 발생하는 폭우와 관련된 구름 종류는 무엇인가요?",층운,적운,난층운,적란운,적란운,기상학
하,"'엘니뇨'는 주로 어떤 해류와 관련이 있나요?",페루 해류,베링 해류,멕시코 만류,서부 적도 해류,페루 해류,기상학
상,"전기차의 주요 구성 요소 중 하나인 '배터리'의 용량을 측정하는 단위는 무엇인가요?",킬로와트시 (kWh),와트 (W),볼트 (V),암페어 (A),킬로와트시 (kWh),자동차
상,"내연기관 자동차에서 연료의 연소가 일어나는 부분은 무엇인가요?",기통,배기구,연료탱크,흡기구,기통,자동차
상,"자동차의 제동력을 높이기 위해 사용하는 시스템은 무엇인가요?",ABS (Anti-lock Braking System),ESC (Electronic Stability Control),TCS (Traction Control System),AEB (Autonomous Emergency Braking),ABS (Anti-lock Braking System),자동차
상,"하이브리드 자동차의 주된 특징은 무엇인가요?",오직 전기로만 운행 가능,내연기관과 전기모터를 동시에 사용,가솔린만 사용,배터리 교체가 필요 없음,내연기관과 전기모터를 동시에 사용,자동차
상,"자동차에서 '토크'는 무엇을 의미하나요?",회전력,속도,연료 효율,가속도,회전력,자동차
상,"차체의 충격을 완화하기 위해 장착되는 부품은 무엇인가요?",스프링,브레이크,타이어,엔진,스프링,자동차
상,"전자제어 장치에서 차량의 다양한 정보를 수집하고 처리하는 부품은 무엇인가요?",ECU (Electronic Control Unit),ABS,배터리,연료펌프,ECU (Electronic Control Unit),자동차
상,"자동차의 연비를 개선하는 데 가장 효과적인 방법 중 하나는 무엇인가요?",속도를 줄이기,엔진 크기 키우기,타이어 압력 낮추기,연료 종류 바꾸기,속도를 줄이기,자동차
상,"자동차에서 배기가스의 정화를 담당하는 장치는 무엇인가요?",필터,촉매 변환기,배기 매니폴드,연료 분사기,촉매 변환기,자동차
상,"스티어링 휠의 회전으로 바퀴의 방향을 조정하는 장치를 무엇이라고 하나요?",서스펜션,조향장치,전조등,브레이크,조향장치,자동차
중,"자동차의 변속기는 어떤 역할을 하나요?",연료를 연소,속도를 조절,엔진의 회전력을 바퀴로 전달,배기 가스를 정화,엔진의 회전력을 바퀴로 전달,자동차
중,"연료 전지 자동차의 주된 연료는 무엇인가요?",가솔린,디젤,수소,전기,수소,자동차
중,"차량의 경량화를 위해 주로 사용하는 재료는 무엇인가요?",철,알루미늄,구리,스테인리스 스틸,알루미늄,자동차
중,"자동차의 '점화 시스템'의 주된 역할은 무엇인가요?",연료 분사,엔진 냉각,연료의 점화,배터리 충전,연료의 점화,자동차
중,"자동차에서 '대시보드'는 무엇을 표시하나요?",엔진의 연료량과 속도,차량의 외부 온도,공기압,타이어 마모도,엔진의 연료량과 속도,자동차
중,"'스포츠카'의 주요 특징 중 하나는 무엇인가요?",고속 주행 가능,큰 적재 공간,낮은 연비,모든 지형 주행 가능,고속 주행 가능,자동차
중,"자동차의 연료 효율성을 측정하는 단위는 무엇인가요?",km/h,L/100km,kWh,RPM,L/100km,자동차
중,"'4륜구동' 시스템이란 무엇을 의미하나요?",앞바퀴와 뒷바퀴에 동력을 모두 전달,한 쪽 바퀴에만 동력을 전달,전기 모터만 사용,내연기관만 사용,앞바퀴와 뒷바퀴에 동력을 모두 전달,자동차
중,"타이어의 마모를 방지하기 위해 필요한 것은 무엇인가요?",공기압 유지,주행 속도 증가,자주 세차,엔진 점검,공기압 유지,자동차
중,"자동차에서 '크루즈 컨트롤'의 기능은 무엇인가요?",자동으로 주행 속도 조절,브레이크 기능 강화,엔진 소음 감소,차량 방향 조정,자동으로 주행 속도 조절,자동차
하,"자동차의 기본 동력원은 무엇인가요?",바람,연료,전기,태양광,연료,자동차
하,"자동차의 바퀴를 구성하는 부품은 무엇인가요?",핸들,타이어,배기구,시트,타이어,자동차
하,"자동차의 연료탱크는 어떤 역할을 하나요?",엔진 냉각,연료 저장,배기 가스 정화,엔진 점화,연료 저장,자동차
하,"자동차의 '헤드라이트'는 어떤 기능을 하나요?",차체를 밝히기,엔진 소음 줄이기,연료 효율 높이기,공기 압력 조절,차체를 밝히기,자동차
하,"'브레이크'는 무엇을 위해 사용되나요?",차량 가속,차량 정지,엔진 점화,바퀴 회전,차량 정지,자동차
하,"자동차의 앞부분을 보호하는 장치는 무엇인가요?",범퍼,시트,타이어,엔진,범퍼,자동차
하,"자동차의 유리창을 청소하는 장치는 무엇인가요?",와이퍼,브레이크,타이어,클러치,와이퍼,자동차
하,"자동차의 후진등은 언제 켜지나요?",전진할 때,주행 중,후진할 때,정지할 때,후진할 때,자동차
하,"자동차의 엔진 소음이 줄어드는 장치는 무엇인가요?",배기구,머플러,브레이크,클러치,머플러,자동차
하,"자동차의 시트를 조절하는 장치는 무엇인가요?",핸들,페달,조절 레버,기어,조절 레버,자동차